[INFO] Starte Bewegungsanalyse...
[INFO] Datenbank: localhost:5432/ai_detection
   MovementDetector initialisiert:
   Transition Window: 20.0s
   Min Pattern Confidence: 0.3
   Max Patterns per Type: 3
Erfolgreich mit PostgreSQL verbunden (localhost:5432)
Datenbanktabellen erstellt/überprüft
[ROOM] Zustand geladen: 22 Personen

================================================================================
[ANALYZER] BEWEGUNGSANALYSE GESTARTET
================================================================================
  Analysefenster: 30.0s
  Lookback-Fenster: 60.0s (zyklusübergreifend)
  Update-Intervall: 30s
  Initiale Belegung: 22 Personen
  Kontinuierlich: Ja
================================================================================


================================================================================
[ANALYZER] Zyklus #1 - 2025-11-09 21:52:49
================================================================================
[ANALYZER] Detections: 61 total
[ANALYZER]   Neu: 31
[ANALYZER]   Lookback (wiederverwendbar): 30
[ANALYZER]   Bereits in Muster: 0
[ANALYZER] Input X: 30 | Input Y: 31

[ANALYZER] Detections-Übersicht (erste 5):
  ID=11833 | 21:51:49 | input_x    |  0 Pers | Det-Conf=  N/A | PROC | FREE
  ID=11834 | 21:51:50 | input_x    |  0 Pers | Det-Conf=  N/A | PROC | FREE
  ID=11835 | 21:51:51 | input_x    |  0 Pers | Det-Conf=  N/A | PROC | FREE
  ID=11836 | 21:51:51 | input_x    |  0 Pers | Det-Conf=  N/A | PROC | FREE
  ID=11837 | 21:51:52 | input_x    |  0 Pers | Det-Conf=  N/A | PROC | FREE
  ... und 56 weitere

[ANALYZER] Starte Bewegungsanalyse...

[MOVEMENT] detect_movements() mit 61 Detections
[MOVEMENT] Verfügbare Detections: 61/61
[MOVEMENT] Zeitspanne: 2025-11-09 21:51:49.497702 bis 2025-11-09 21:52:48.928439
[MOVEMENT] Input X: 30 Detections
[MOVEMENT] Input Y: 31 Detections

[MOVEMENT]   === Input X Detections (letzte 5) ===
[MOVEMENT]     ID=11893 | 21:52:42 |  0 Pers | Conf=  N/A | FREE
[MOVEMENT]     ID=11894 | 21:52:47 |  0 Pers | Conf=  N/A | FREE
[MOVEMENT]     ID=11895 | 21:52:47 |  0 Pers | Conf=  N/A | FREE
[MOVEMENT]     ID=11896 | 21:52:47 |  0 Pers | Conf=  N/A | FREE
[MOVEMENT]     ID=11897 | 21:52:48 |  0 Pers | Conf=  N/A | FREE

[MOVEMENT]   === Input Y Detections (letzte 5) ===
[MOVEMENT]     ID=11891 | 21:52:39 |  0 Pers | Conf=  N/A | FREE
[MOVEMENT]     ID=11892 | 21:52:40 |  0 Pers | Conf=  N/A | FREE
[MOVEMENT]     ID=11898 | 21:52:48 |  0 Pers | Conf=  N/A | FREE
[MOVEMENT]     ID=11899 | 21:52:48 |  0 Pers | Conf=  N/A | FREE
[MOVEMENT]     ID=11900 | 21:52:48 |  0 Pers | Conf=  N/A | FREE

[MOVEMENT] === SUCHE ENTRY-MUSTER (Y→X Sequenz) ===
[MOVEMENT]   Entry-Versuch 1: X=30, Y=31 verfügbar
[MOVEMENT]     Analysiere Y→X Sequenzen für Entry...
[MOVEMENT]     Keine Y-Anstiege gefunden
[MOVEMENT] Entry-Muster gefunden: 0

[MOVEMENT] === SUCHE EXIT-MUSTER (X→Y Sequenz) ===
[MOVEMENT]   Exit-Versuch 1: X=30, Y=31 verfügbar
[MOVEMENT]     Analysiere X→Y Sequenzen für Exit...
[MOVEMENT]     Keine X-Anstiege gefunden
[MOVEMENT] Exit-Muster gefunden: 0

[MOVEMENT] Gesamt gefunden: 0 Bewegung(en)
[ANALYZER] Keine Bewegungen erkannt

================================================================================
[ANALYZER] Zyklus #2 - 2025-11-09 21:53:19
================================================================================
[ANALYZER] Detections: 65 total
[ANALYZER]   Neu: 34
[ANALYZER]   Lookback (wiederverwendbar): 31
[ANALYZER]   Bereits in Muster: 0
[ANALYZER] Input X: 32 | Input Y: 33

[ANALYZER] Detections-Übersicht (erste 5):
  ID=11870 | 21:52:19 | input_y    |  0 Pers | Det-Conf=  N/A | PROC | FREE
  ID=11871 | 21:52:20 | input_y    |  0 Pers | Det-Conf=  N/A | PROC | FREE
  ID=11872 | 21:52:20 | input_y    |  0 Pers | Det-Conf=  N/A | PROC | FREE
  ID=11873 | 21:52:23 | input_x    |  0 Pers | Det-Conf=  N/A | PROC | FREE
  ID=11874 | 21:52:24 | input_x    |  0 Pers | Det-Conf=  N/A | PROC | FREE
  ... und 60 weitere

[ANALYZER] Starte Bewegungsanalyse...

[MOVEMENT] detect_movements() mit 65 Detections
[MOVEMENT] Verfügbare Detections: 65/65
[MOVEMENT] Zeitspanne: 2025-11-09 21:52:19.549517 bis 2025-11-09 21:53:19.286073
[MOVEMENT] Input X: 32 Detections
[MOVEMENT] Input Y: 33 Detections

[MOVEMENT]   === Input X Detections (letzte 5) ===
[MOVEMENT]     ID=11925 | 21:53:11 |  1 Pers | Conf=0.922 | FREE
[MOVEMENT]     ID=11926 | 21:53:12 |  1 Pers | Conf=0.921 | FREE
[MOVEMENT]     ID=11927 | 21:53:12 |  1 Pers | Conf=0.927 | FREE
[MOVEMENT]     ID=11933 | 21:53:18 |  1 Pers | Conf=0.691 | FREE
[MOVEMENT]     ID=11934 | 21:53:19 |  0 Pers | Conf=  N/A | FREE

[MOVEMENT]   === Input Y Detections (letzte 5) ===
[MOVEMENT]     ID=11928 | 21:53:13 |  0 Pers | Conf=  N/A | FREE
[MOVEMENT]     ID=11929 | 21:53:13 |  0 Pers | Conf=  N/A | FREE
[MOVEMENT]     ID=11930 | 21:53:14 |  0 Pers | Conf=  N/A | FREE
[MOVEMENT]     ID=11931 | 21:53:14 |  0 Pers | Conf=  N/A | FREE
[MOVEMENT]     ID=11932 | 21:53:15 |  0 Pers | Conf=  N/A | FREE

[MOVEMENT] === SUCHE ENTRY-MUSTER (Y→X Sequenz) ===
[MOVEMENT]   Entry-Versuch 1: X=32, Y=33 verfügbar
[MOVEMENT]     Analysiere Y→X Sequenzen für Entry...
[MOVEMENT]     Keine Y-Anstiege gefunden
[MOVEMENT] Entry-Muster gefunden: 0

[MOVEMENT] === SUCHE EXIT-MUSTER (X→Y Sequenz) ===
[MOVEMENT]   Exit-Versuch 1: X=32, Y=33 verfügbar
[MOVEMENT]     Analysiere X→Y Sequenzen für Exit...
[MOVEMENT]     1 X-Anstiege gefunden
[MOVEMENT]     Prüfe X-Anstieg: +1 um 21:53:10
[MOVEMENT]     Keine Personen in Y NACH X-Anstieg
[MOVEMENT]     Kein gültiges Exit-Muster gefunden
[MOVEMENT] Exit-Muster gefunden: 0

[MOVEMENT] Gesamt gefunden: 0 Bewegung(en)
[ANALYZER] Keine Bewegungen erkannt

================================================================================
[ANALYZER] Zyklus #3 - 2025-11-09 21:53:49
================================================================================
[ANALYZER] Detections: 69 total
[ANALYZER]   Neu: 35
[ANALYZER]   Lookback (wiederverwendbar): 34
[ANALYZER]   Bereits in Muster: 0
[ANALYZER] Input X: 35 | Input Y: 34

[ANALYZER] Detections-Übersicht (erste 5):
  ID=11901 | 21:52:49 | input_y    |  0 Pers | Det-Conf=  N/A | PROC | FREE
  ID=11902 | 21:52:49 | input_y    |  0 Pers | Det-Conf=  N/A | PROC | FREE
  ID=11903 | 21:52:52 | input_x    |  0 Pers | Det-Conf=  N/A | PROC | FREE
  ID=11904 | 21:52:54 | input_x    |  0 Pers | Det-Conf=  N/A | PROC | FREE
  ID=11905 | 21:52:54 | input_x    |  0 Pers | Det-Conf=  N/A | PROC | FREE
  ... und 64 weitere

[ANALYZER] Starte Bewegungsanalyse...

[MOVEMENT] detect_movements() mit 69 Detections
[MOVEMENT] Verfügbare Detections: 69/69
[MOVEMENT] Zeitspanne: 2025-11-09 21:52:49.673744 bis 2025-11-09 21:53:48.785357
[MOVEMENT] Input X: 35 Detections
[MOVEMENT] Input Y: 34 Detections

[MOVEMENT]   === Input X Detections (letzte 5) ===
[MOVEMENT]     ID=11963 | 21:53:45 |  0 Pers | Conf=  N/A | FREE
[MOVEMENT]     ID=11964 | 21:53:46 |  0 Pers | Conf=  N/A | FREE
[MOVEMENT]     ID=11965 | 21:53:46 |  0 Pers | Conf=  N/A | FREE
[MOVEMENT]     ID=11966 | 21:53:47 |  0 Pers | Conf=  N/A | FREE
[MOVEMENT]     ID=11967 | 21:53:47 |  0 Pers | Conf=  N/A | FREE

[MOVEMENT]   === Input Y Detections (letzte 5) ===
[MOVEMENT]     ID=11960 | 21:53:40 |  0 Pers | Conf=  N/A | FREE
[MOVEMENT]     ID=11961 | 21:53:41 |  0 Pers | Conf=  N/A | FREE
[MOVEMENT]     ID=11962 | 21:53:42 |  0 Pers | Conf=  N/A | FREE
[MOVEMENT]     ID=11968 | 21:53:48 |  0 Pers | Conf=  N/A | FREE
[MOVEMENT]     ID=11969 | 21:53:48 |  0 Pers | Conf=  N/A | FREE

[MOVEMENT] === SUCHE ENTRY-MUSTER (Y→X Sequenz) ===
[MOVEMENT]   Entry-Versuch 1: X=35, Y=34 verfügbar
[MOVEMENT]     Analysiere Y→X Sequenzen für Entry...
[MOVEMENT]     Keine Y-Anstiege gefunden
[MOVEMENT] Entry-Muster gefunden: 0

[MOVEMENT] === SUCHE EXIT-MUSTER (X→Y Sequenz) ===
[MOVEMENT]   Exit-Versuch 1: X=35, Y=34 verfügbar
[MOVEMENT]     Analysiere X→Y Sequenzen für Exit...
[MOVEMENT]     1 X-Anstiege gefunden
[MOVEMENT]     Prüfe X-Anstieg: +1 um 21:53:10
[MOVEMENT]     Keine Personen in Y NACH X-Anstieg
[MOVEMENT]     Kein gültiges Exit-Muster gefunden
[MOVEMENT] Exit-Muster gefunden: 0

[MOVEMENT] Gesamt gefunden: 0 Bewegung(en)
[ANALYZER] Keine Bewegungen erkannt

================================================================================
[ANALYZER] Zyklus #4 - 2025-11-09 21:54:19
================================================================================
[ANALYZER] Detections: 70 total
[ANALYZER]   Neu: 35
[ANALYZER]   Lookback (wiederverwendbar): 35
[ANALYZER]   Bereits in Muster: 0
[ANALYZER] Input X: 35 | Input Y: 35

[ANALYZER] Detections-Übersicht (erste 5):
  ID=11935 | 21:53:20 | input_x    |  0 Pers | Det-Conf=  N/A | PROC | FREE
  ID=11936 | 21:53:20 | input_x    |  0 Pers | Det-Conf=  N/A | PROC | FREE
  ID=11937 | 21:53:21 | input_x    |  0 Pers | Det-Conf=  N/A | PROC | FREE
  ID=11938 | 21:53:21 | input_y    |  0 Pers | Det-Conf=  N/A | PROC | FREE
  ID=11939 | 21:53:22 | input_y    |  0 Pers | Det-Conf=  N/A | PROC | FREE
  ... und 65 weitere

[ANALYZER] Starte Bewegungsanalyse...

[MOVEMENT] detect_movements() mit 70 Detections
[MOVEMENT] Verfügbare Detections: 70/70
[MOVEMENT] Zeitspanne: 2025-11-09 21:53:20.047159 bis 2025-11-09 21:54:19.313442
[MOVEMENT] Input X: 35 Detections
[MOVEMENT] Input Y: 35 Detections

[MOVEMENT]   === Input X Detections (letzte 5) ===
[MOVEMENT]     ID=11995 | 21:54:11 |  0 Pers | Conf=  N/A | FREE
[MOVEMENT]     ID=11996 | 21:54:11 |  0 Pers | Conf=  N/A | FREE
[MOVEMENT]     ID=11997 | 21:54:12 |  0 Pers | Conf=  N/A | FREE
[MOVEMENT]     ID=12003 | 21:54:18 |  0 Pers | Conf=  N/A | FREE
[MOVEMENT]     ID=12004 | 21:54:19 |  0 Pers | Conf=  N/A | FREE

[MOVEMENT]   === Input Y Detections (letzte 5) ===
[MOVEMENT]     ID=11998 | 21:54:12 |  0 Pers | Conf=  N/A | FREE
[MOVEMENT]     ID=11999 | 21:54:13 |  0 Pers | Conf=  N/A | FREE
[MOVEMENT]     ID=12000 | 21:54:14 |  0 Pers | Conf=  N/A | FREE
[MOVEMENT]     ID=12001 | 21:54:15 |  0 Pers | Conf=  N/A | FREE
[MOVEMENT]     ID=12002 | 21:54:15 |  0 Pers | Conf=  N/A | FREE

[MOVEMENT] === SUCHE ENTRY-MUSTER (Y→X Sequenz) ===
[MOVEMENT]   Entry-Versuch 1: X=35, Y=35 verfügbar
[MOVEMENT]     Analysiere Y→X Sequenzen für Entry...
[MOVEMENT]     Keine Y-Anstiege gefunden
[MOVEMENT] Entry-Muster gefunden: 0

[MOVEMENT] === SUCHE EXIT-MUSTER (X→Y Sequenz) ===
[MOVEMENT]   Exit-Versuch 1: X=35, Y=35 verfügbar
[MOVEMENT]     Analysiere X→Y Sequenzen für Exit...
[MOVEMENT]     Keine X-Anstiege gefunden
[MOVEMENT] Exit-Muster gefunden: 0

[MOVEMENT] Gesamt gefunden: 0 Bewegung(en)
[ANALYZER] Keine Bewegungen erkannt

================================================================================
[ANALYZER] Zyklus #5 - 2025-11-09 21:54:49
================================================================================
[ANALYZER] Detections: 69 total
[ANALYZER]   Neu: 34
[ANALYZER]   Lookback (wiederverwendbar): 35
[ANALYZER]   Bereits in Muster: 0
[ANALYZER] Input X: 35 | Input Y: 34

[ANALYZER] Detections-Übersicht (erste 5):
  ID=11970 | 21:53:49 | input_y    |  0 Pers | Det-Conf=  N/A | PROC | FREE
  ID=11971 | 21:53:50 | input_y    |  0 Pers | Det-Conf=  N/A | PROC | FREE
  ID=11972 | 21:53:51 | input_y    |  0 Pers | Det-Conf=  N/A | PROC | FREE
  ID=11973 | 21:53:53 | input_x    |  0 Pers | Det-Conf=  N/A | PROC | FREE
  ID=11974 | 21:53:54 | input_x    |  0 Pers | Det-Conf=  N/A | PROC | FREE
  ... und 64 weitere

[ANALYZER] Starte Bewegungsanalyse...

[MOVEMENT] detect_movements() mit 69 Detections
[MOVEMENT] Verfügbare Detections: 69/69
[MOVEMENT] Zeitspanne: 2025-11-09 21:53:49.534262 bis 2025-11-09 21:54:48.729546
[MOVEMENT] Input X: 35 Detections
[MOVEMENT] Input Y: 34 Detections

[MOVEMENT]   === Input X Detections (letzte 5) ===
[MOVEMENT]     ID=12033 | 21:54:45 |  0 Pers | Conf=  N/A | FREE
[MOVEMENT]     ID=12034 | 21:54:46 |  0 Pers | Conf=  N/A | FREE
[MOVEMENT]     ID=12035 | 21:54:46 |  0 Pers | Conf=  N/A | FREE
[MOVEMENT]     ID=12036 | 21:54:47 |  0 Pers | Conf=  N/A | FREE
[MOVEMENT]     ID=12037 | 21:54:47 |  0 Pers | Conf=  N/A | FREE

[MOVEMENT]   === Input Y Detections (letzte 5) ===
[MOVEMENT]     ID=12029 | 21:54:40 |  0 Pers | Conf=  N/A | FREE
[MOVEMENT]     ID=12030 | 21:54:41 |  0 Pers | Conf=  N/A | FREE
[MOVEMENT]     ID=12031 | 21:54:41 |  0 Pers | Conf=  N/A | FREE
[MOVEMENT]     ID=12032 | 21:54:42 |  0 Pers | Conf=  N/A | FREE
[MOVEMENT]     ID=12038 | 21:54:48 |  0 Pers | Conf=  N/A | FREE

[MOVEMENT] === SUCHE ENTRY-MUSTER (Y→X Sequenz) ===
[MOVEMENT]   Entry-Versuch 1: X=35, Y=34 verfügbar
[MOVEMENT]     Analysiere Y→X Sequenzen für Entry...
[MOVEMENT]     Keine Y-Anstiege gefunden
[MOVEMENT] Entry-Muster gefunden: 0

[MOVEMENT] === SUCHE EXIT-MUSTER (X→Y Sequenz) ===
[MOVEMENT]   Exit-Versuch 1: X=35, Y=34 verfügbar
[MOVEMENT]     Analysiere X→Y Sequenzen für Exit...
[MOVEMENT]     Keine X-Anstiege gefunden
[MOVEMENT] Exit-Muster gefunden: 0

[MOVEMENT] Gesamt gefunden: 0 Bewegung(en)
[ANALYZER] Keine Bewegungen erkannt

================================================================================
[ANALYZER] Zyklus #6 - 2025-11-09 21:55:19
================================================================================
[ANALYZER] Detections: 57 total
[ANALYZER]   Neu: 23
[ANALYZER]   Lookback (wiederverwendbar): 34
[ANALYZER]   Bereits in Muster: 0
[ANALYZER] Input X: 27 | Input Y: 30

[ANALYZER] Detections-Übersicht (erste 5):
  ID=12005 | 21:54:20 | input_x    |  0 Pers | Det-Conf=  N/A | PROC | FREE
  ID=12006 | 21:54:21 | input_x    |  0 Pers | Det-Conf=  N/A | PROC | FREE
  ID=12007 | 21:54:22 | input_x    |  0 Pers | Det-Conf=  N/A | PROC | FREE
  ID=12008 | 21:54:23 | input_y    |  0 Pers | Det-Conf=  N/A | PROC | FREE
  ID=12009 | 21:54:23 | input_y    |  0 Pers | Det-Conf=  N/A | PROC | FREE
  ... und 52 weitere

[ANALYZER] Starte Bewegungsanalyse...

[MOVEMENT] detect_movements() mit 57 Detections
[MOVEMENT] Verfügbare Detections: 57/57
[MOVEMENT] Zeitspanne: 2025-11-09 21:54:20.667140 bis 2025-11-09 21:55:11.048671
[MOVEMENT] Input X: 27 Detections
[MOVEMENT] Input Y: 30 Detections

[MOVEMENT]   === Input X Detections (letzte 5) ===
[MOVEMENT]     ID=12047 | 21:54:57 |  0 Pers | Conf=  N/A | FREE
[MOVEMENT]     ID=12053 | 21:55:04 |  0 Pers | Conf=  N/A | FREE
[MOVEMENT]     ID=12054 | 21:55:05 |  0 Pers | Conf=  N/A | FREE
[MOVEMENT]     ID=12055 | 21:55:06 |  0 Pers | Conf=  N/A | FREE
[MOVEMENT]     ID=12056 | 21:55:06 |  0 Pers | Conf=  N/A | FREE

[MOVEMENT]   === Input Y Detections (letzte 5) ===
[MOVEMENT]     ID=12057 | 21:55:08 |  0 Pers | Conf=  N/A | FREE
[MOVEMENT]     ID=12058 | 21:55:08 |  0 Pers | Conf=  N/A | FREE
[MOVEMENT]     ID=12059 | 21:55:09 |  0 Pers | Conf=  N/A | FREE
[MOVEMENT]     ID=12060 | 21:55:10 |  0 Pers | Conf=  N/A | FREE
[MOVEMENT]     ID=12061 | 21:55:11 |  0 Pers | Conf=  N/A | FREE

[MOVEMENT] === SUCHE ENTRY-MUSTER (Y→X Sequenz) ===
[MOVEMENT]   Entry-Versuch 1: X=27, Y=30 verfügbar
[MOVEMENT]     Analysiere Y→X Sequenzen für Entry...
[MOVEMENT]     Keine Y-Anstiege gefunden
[MOVEMENT] Entry-Muster gefunden: 0

[MOVEMENT] === SUCHE EXIT-MUSTER (X→Y Sequenz) ===
[MOVEMENT]   Exit-Versuch 1: X=27, Y=30 verfügbar
[MOVEMENT]     Analysiere X→Y Sequenzen für Exit...
[MOVEMENT]     Keine X-Anstiege gefunden
[MOVEMENT] Exit-Muster gefunden: 0

[MOVEMENT] Gesamt gefunden: 0 Bewegung(en)
[ANALYZER] Keine Bewegungen erkannt

================================================================================
[ANALYZER] Zyklus #7 - 2025-11-09 21:55:49
================================================================================
[ANALYZER] Detections: 52 total
[ANALYZER]   Neu: 30
[ANALYZER]   Lookback (wiederverwendbar): 22
[ANALYZER]   Bereits in Muster: 0
[ANALYZER] Input X: 24 | Input Y: 28

[ANALYZER] Detections-Übersicht (erste 5):
  ID=12040 | 21:54:50 | input_y    |  0 Pers | Det-Conf=  N/A | PROC | FREE
  ID=12041 | 21:54:50 | input_y    |  0 Pers | Det-Conf=  N/A | PROC | FREE
  ID=12042 | 21:54:51 | input_y    |  0 Pers | Det-Conf=  N/A | PROC | FREE
  ID=12043 | 21:54:54 | input_x    |  0 Pers | Det-Conf=  N/A | PROC | FREE
  ID=12044 | 21:54:55 | input_x    |  0 Pers | Det-Conf=  N/A | PROC | FREE
  ... und 47 weitere

[ANALYZER] Starte Bewegungsanalyse...

[MOVEMENT] detect_movements() mit 52 Detections
[MOVEMENT] Verfügbare Detections: 52/52
[MOVEMENT] Zeitspanne: 2025-11-09 21:54:50.228910 bis 2025-11-09 21:55:47.325438
[MOVEMENT] Input X: 24 Detections
[MOVEMENT] Input Y: 28 Detections

[MOVEMENT]   === Input X Detections (letzte 5) ===
[MOVEMENT]     ID=12082 | 21:55:41 |  0 Pers | Conf=  N/A | FREE
[MOVEMENT]     ID=12083 | 21:55:42 |  0 Pers | Conf=  N/A | FREE
[MOVEMENT]     ID=12084 | 21:55:43 |  0 Pers | Conf=  N/A | FREE
[MOVEMENT]     ID=12085 | 21:55:43 |  0 Pers | Conf=  N/A | FREE
[MOVEMENT]     ID=12086 | 21:55:44 |  0 Pers | Conf=  N/A | FREE

[MOVEMENT]   === Input Y Detections (letzte 5) ===
[MOVEMENT]     ID=12087 | 21:55:44 |  0 Pers | Conf=  N/A | FREE
[MOVEMENT]     ID=12088 | 21:55:45 |  0 Pers | Conf=  N/A | FREE
[MOVEMENT]     ID=12089 | 21:55:45 |  0 Pers | Conf=  N/A | FREE
[MOVEMENT]     ID=12090 | 21:55:46 |  0 Pers | Conf=  N/A | FREE
[MOVEMENT]     ID=12091 | 21:55:47 |  0 Pers | Conf=  N/A | FREE

[MOVEMENT] === SUCHE ENTRY-MUSTER (Y→X Sequenz) ===
[MOVEMENT]   Entry-Versuch 1: X=24, Y=28 verfügbar
[MOVEMENT]     Analysiere Y→X Sequenzen für Entry...
[MOVEMENT]     Keine Y-Anstiege gefunden
[MOVEMENT] Entry-Muster gefunden: 0

[MOVEMENT] === SUCHE EXIT-MUSTER (X→Y Sequenz) ===
[MOVEMENT]   Exit-Versuch 1: X=24, Y=28 verfügbar
[MOVEMENT]     Analysiere X→Y Sequenzen für Exit...
[MOVEMENT]     Keine X-Anstiege gefunden
[MOVEMENT] Exit-Muster gefunden: 0

[MOVEMENT] Gesamt gefunden: 0 Bewegung(en)
[ANALYZER] Keine Bewegungen erkannt

================================================================================
[ANALYZER] Zyklus #8 - 2025-11-09 21:56:19
================================================================================
[ANALYZER] Detections: 65 total
[ANALYZER]   Neu: 35
[ANALYZER]   Lookback (wiederverwendbar): 30
[ANALYZER]   Bereits in Muster: 0
[ANALYZER] Input X: 35 | Input Y: 30

[ANALYZER] Detections-Übersicht (erste 5):
  ID=12062 | 21:55:25 | input_x    |  0 Pers | Det-Conf=  N/A | PROC | FREE
  ID=12063 | 21:55:26 | input_x    |  0 Pers | Det-Conf=  N/A | PROC | FREE
  ID=12064 | 21:55:26 | input_x    |  0 Pers | Det-Conf=  N/A | PROC | FREE
  ID=12065 | 21:55:27 | input_x    |  0 Pers | Det-Conf=  N/A | PROC | FREE
  ID=12066 | 21:55:27 | input_x    |  0 Pers | Det-Conf=  N/A | PROC | FREE
  ... und 60 weitere

[ANALYZER] Starte Bewegungsanalyse...

[MOVEMENT] detect_movements() mit 65 Detections
[MOVEMENT] Verfügbare Detections: 65/65
[MOVEMENT] Zeitspanne: 2025-11-09 21:55:25.327136 bis 2025-11-09 21:56:19.369940
[MOVEMENT] Input X: 35 Detections
[MOVEMENT] Input Y: 30 Detections

[MOVEMENT]   === Input X Detections (letzte 5) ===
[MOVEMENT]     ID=12122 | 21:56:16 |  1 Pers | Conf=0.916 | FREE
[MOVEMENT]     ID=12123 | 21:56:17 |  0 Pers | Conf=  N/A | FREE
[MOVEMENT]     ID=12124 | 21:56:17 |  0 Pers | Conf=  N/A | FREE
[MOVEMENT]     ID=12125 | 21:56:18 |  0 Pers | Conf=  N/A | FREE
[MOVEMENT]     ID=12126 | 21:56:19 |  0 Pers | Conf=  N/A | FREE

[MOVEMENT]   === Input Y Detections (letzte 5) ===
[MOVEMENT]     ID=12117 | 21:56:10 |  0 Pers | Conf=  N/A | FREE
[MOVEMENT]     ID=12118 | 21:56:11 |  0 Pers | Conf=  N/A | FREE
[MOVEMENT]     ID=12119 | 21:56:11 |  0 Pers | Conf=  N/A | FREE
[MOVEMENT]     ID=12120 | 21:56:12 |  0 Pers | Conf=  N/A | FREE
[MOVEMENT]     ID=12121 | 21:56:13 |  0 Pers | Conf=  N/A | FREE

[MOVEMENT] === SUCHE ENTRY-MUSTER (Y→X Sequenz) ===
[MOVEMENT]   Entry-Versuch 1: X=35, Y=30 verfügbar
[MOVEMENT]     Analysiere Y→X Sequenzen für Entry...
[MOVEMENT]     Keine Y-Anstiege gefunden
[MOVEMENT] Entry-Muster gefunden: 0

[MOVEMENT] === SUCHE EXIT-MUSTER (X→Y Sequenz) ===
[MOVEMENT]   Exit-Versuch 1: X=35, Y=30 verfügbar
[MOVEMENT]     Analysiere X→Y Sequenzen für Exit...
[MOVEMENT]     1 X-Anstiege gefunden
[MOVEMENT]     Prüfe X-Anstieg: +1 um 21:56:08
[MOVEMENT]     Keine Personen in Y NACH X-Anstieg
[MOVEMENT]     Kein gültiges Exit-Muster gefunden
[MOVEMENT] Exit-Muster gefunden: 0

[MOVEMENT] Gesamt gefunden: 0 Bewegung(en)
[ANALYZER] Keine Bewegungen erkannt

================================================================================
[ANALYZER] Zyklus #9 - 2025-11-09 21:56:49
================================================================================
[ANALYZER] Detections: 68 total
[ANALYZER]   Neu: 33
[ANALYZER]   Lookback (wiederverwendbar): 35
[ANALYZER]   Bereits in Muster: 0
[ANALYZER] Input X: 35 | Input Y: 33

[ANALYZER] Detections-Übersicht (erste 5):
  ID=12092 | 21:55:49 | input_x    |  0 Pers | Det-Conf=  N/A | PROC | FREE
  ID=12093 | 21:55:50 | input_x    |  0 Pers | Det-Conf=  N/A | PROC | FREE
  ID=12094 | 21:55:51 | input_x    |  0 Pers | Det-Conf=  N/A | PROC | FREE
  ID=12095 | 21:55:51 | input_x    |  0 Pers | Det-Conf=  N/A | PROC | FREE
  ID=12096 | 21:55:52 | input_x    |  0 Pers | Det-Conf=  N/A | PROC | FREE
  ... und 63 weitere

[ANALYZER] Starte Bewegungsanalyse...

[MOVEMENT] detect_movements() mit 68 Detections
[MOVEMENT] Verfügbare Detections: 68/68
[MOVEMENT] Zeitspanne: 2025-11-09 21:55:49.580300 bis 2025-11-09 21:56:49.089300
[MOVEMENT] Input X: 35 Detections
[MOVEMENT] Input Y: 33 Detections

[MOVEMENT]   === Input X Detections (letzte 5) ===
[MOVEMENT]     ID=12152 | 21:56:44 |  0 Pers | Conf=  N/A | FREE
[MOVEMENT]     ID=12153 | 21:56:45 |  0 Pers | Conf=  N/A | FREE
[MOVEMENT]     ID=12154 | 21:56:45 |  0 Pers | Conf=  N/A | FREE
[MOVEMENT]     ID=12155 | 21:56:46 |  0 Pers | Conf=  N/A | FREE
[MOVEMENT]     ID=12156 | 21:56:46 |  0 Pers | Conf=  N/A | FREE

[MOVEMENT]   === Input Y Detections (letzte 5) ===
[MOVEMENT]     ID=12150 | 21:56:41 |  0 Pers | Conf=  N/A | FREE
[MOVEMENT]     ID=12151 | 21:56:41 |  0 Pers | Conf=  N/A | FREE
[MOVEMENT]     ID=12157 | 21:56:47 |  0 Pers | Conf=  N/A | FREE
[MOVEMENT]     ID=12158 | 21:56:48 |  0 Pers | Conf=  N/A | FREE
[MOVEMENT]     ID=12159 | 21:56:49 |  0 Pers | Conf=  N/A | FREE

[MOVEMENT] === SUCHE ENTRY-MUSTER (Y→X Sequenz) ===
[MOVEMENT]   Entry-Versuch 1: X=35, Y=33 verfügbar
[MOVEMENT]     Analysiere Y→X Sequenzen für Entry...
[MOVEMENT]     1 Y-Anstiege gefunden
[MOVEMENT]     Prüfe Y-Anstieg: +1 um 21:56:20
[MOVEMENT]     Keine Personen in X NACH Y-Anstieg
[MOVEMENT]     Kein gültiges Entry-Muster gefunden
[MOVEMENT] Entry-Muster gefunden: 0

[MOVEMENT] === SUCHE EXIT-MUSTER (X→Y Sequenz) ===
[MOVEMENT]   Exit-Versuch 1: X=35, Y=33 verfügbar
[MOVEMENT]     Analysiere X→Y Sequenzen für Exit...
[MOVEMENT]     1 X-Anstiege gefunden
[MOVEMENT]     Prüfe X-Anstieg: +1 um 21:56:08
[MOVEMENT]     ✓ Y-Aktivität NACH X: Durchschnitt 0.4 Personen
[MOVEMENT]     Pattern Confidence: 0.63
[MOVEMENT]   Exit erkannt: 1 Person(en), Conf=0.63
[MOVEMENT]   Exit-Versuch 2: X=31, Y=23 verfügbar
[MOVEMENT]     Analysiere X→Y Sequenzen für Exit...
[MOVEMENT]     1 X-Anstiege gefunden
[MOVEMENT]     Prüfe X-Anstieg: +1 um 21:56:10
[MOVEMENT]     Keine Personen in Y NACH X-Anstieg
[MOVEMENT]     Kein gültiges Exit-Muster gefunden
[MOVEMENT] Exit-Muster gefunden: 1

[MOVEMENT] Gesamt gefunden: 1 Bewegung(en)

[ANALYZER] 1 Bewegung(en) verarbeiten:

  [1] EXIT
      Personen: 1
      Pattern Confidence: 0.63
      Muster: X→Y: X increase +1 @ 21:56:08, then Y avg 0.4
      Verwendete IDs: X=[12112, 12113, 12114, 12115], Y=[12117, 12118, 12119, 12120, 12121, 12127, 12128, 12129, 12130, 12131]
      Gespeichert: Movement ID=124
[ROOM] EXIT: 22 -> 21 (-1, Conf=0.63)

[ANALYZER] Markiere 14 Detections als in Muster verwendet
[ANALYZER] 68 Detections als verarbeitet markiert

================================================================================
[ROOM] AKTUELLER ZUSTAND: 21 Personen im Raum
================================================================================

================================================================================
[ANALYZER] Zyklus #10 - 2025-11-09 21:57:19
================================================================================
[ANALYZER] Detections: 62 total
[ANALYZER]   Neu: 34
[ANALYZER]   Lookback (wiederverwendbar): 28
[ANALYZER]   Bereits in Muster: 0
[ANALYZER] Input X: 32 | Input Y: 30

[ANALYZER] Detections-Übersicht (erste 5):
  ID=12132 | 21:56:25 | input_x    |  0 Pers | Det-Conf=  N/A | PROC | FREE
  ID=12133 | 21:56:26 | input_x    |  0 Pers | Det-Conf=  N/A | PROC | FREE
  ID=12134 | 21:56:27 | input_x    |  0 Pers | Det-Conf=  N/A | PROC | FREE
  ID=12135 | 21:56:28 | input_x    |  0 Pers | Det-Conf=  N/A | PROC | FREE
  ID=12136 | 21:56:28 | input_x    |  0 Pers | Det-Conf=  N/A | PROC | FREE
  ... und 57 weitere

[ANALYZER] Starte Bewegungsanalyse...

[MOVEMENT] detect_movements() mit 62 Detections
[MOVEMENT] Verfügbare Detections: 62/62
[MOVEMENT] Zeitspanne: 2025-11-09 21:56:25.997247 bis 2025-11-09 21:57:19.423459
[MOVEMENT] Input X: 32 Detections
[MOVEMENT] Input Y: 30 Detections

[MOVEMENT]   === Input X Detections (letzte 5) ===
[MOVEMENT]     ID=12184 | 21:57:12 |  0 Pers | Conf=  N/A | FREE
[MOVEMENT]     ID=12185 | 21:57:12 |  0 Pers | Conf=  N/A | FREE
[MOVEMENT]     ID=12186 | 21:57:13 |  0 Pers | Conf=  N/A | FREE
[MOVEMENT]     ID=12192 | 21:57:19 |  0 Pers | Conf=  N/A | FREE
[MOVEMENT]     ID=12193 | 21:57:19 |  0 Pers | Conf=  N/A | FREE

[MOVEMENT]   === Input Y Detections (letzte 5) ===
[MOVEMENT]     ID=12187 | 21:57:13 |  0 Pers | Conf=  N/A | FREE
[MOVEMENT]     ID=12188 | 21:57:14 |  0 Pers | Conf=  N/A | FREE
[MOVEMENT]     ID=12189 | 21:57:15 |  0 Pers | Conf=  N/A | FREE
[MOVEMENT]     ID=12190 | 21:57:15 |  0 Pers | Conf=  N/A | FREE
[MOVEMENT]     ID=12191 | 21:57:16 |  0 Pers | Conf=  N/A | FREE

[MOVEMENT] === SUCHE ENTRY-MUSTER (Y→X Sequenz) ===
[MOVEMENT]   Entry-Versuch 1: X=32, Y=30 verfügbar
[MOVEMENT]     Analysiere Y→X Sequenzen für Entry...
[MOVEMENT]     Keine Y-Anstiege gefunden
[MOVEMENT] Entry-Muster gefunden: 0

[MOVEMENT] === SUCHE EXIT-MUSTER (X→Y Sequenz) ===
[MOVEMENT]   Exit-Versuch 1: X=32, Y=30 verfügbar
[MOVEMENT]     Analysiere X→Y Sequenzen für Exit...
[MOVEMENT]     Keine X-Anstiege gefunden
[MOVEMENT] Exit-Muster gefunden: 0

[MOVEMENT] Gesamt gefunden: 0 Bewegung(en)
[ANALYZER] Keine Bewegungen erkannt

================================================================================
[ANALYZER] Zyklus #11 - 2025-11-09 21:57:49
================================================================================
[ANALYZER] Detections: 69 total
[ANALYZER]   Neu: 35
[ANALYZER]   Lookback (wiederverwendbar): 34
[ANALYZER]   Bereits in Muster: 0
[ANALYZER] Input X: 35 | Input Y: 34

[ANALYZER] Detections-Übersicht (erste 5):
  ID=12160 | 21:56:49 | input_y    |  0 Pers | Det-Conf=  N/A | PROC | FREE
  ID=12161 | 21:56:50 | input_y    |  0 Pers | Det-Conf=  N/A | PROC | FREE
  ID=12162 | 21:56:52 | input_x    |  0 Pers | Det-Conf=  N/A | PROC | FREE
  ID=12163 | 21:56:53 | input_x    |  0 Pers | Det-Conf=  N/A | PROC | FREE
  ID=12164 | 21:56:54 | input_x    |  0 Pers | Det-Conf=  N/A | PROC | FREE
  ... und 64 weitere

[ANALYZER] Starte Bewegungsanalyse...

[MOVEMENT] detect_movements() mit 69 Detections
[MOVEMENT] Verfügbare Detections: 69/69
[MOVEMENT] Zeitspanne: 2025-11-09 21:56:49.843771 bis 2025-11-09 21:57:49.444278
[MOVEMENT] Input X: 35 Detections
[MOVEMENT] Input Y: 34 Detections

[MOVEMENT]   === Input X Detections (letzte 5) ===
[MOVEMENT]     ID=12222 | 21:57:45 |  0 Pers | Conf=  N/A | FREE
[MOVEMENT]     ID=12223 | 21:57:46 |  0 Pers | Conf=  N/A | FREE
[MOVEMENT]     ID=12224 | 21:57:46 |  0 Pers | Conf=  N/A | FREE
[MOVEMENT]     ID=12225 | 21:57:47 |  0 Pers | Conf=  N/A | FREE
[MOVEMENT]     ID=12226 | 21:57:48 |  0 Pers | Conf=  N/A | FREE

[MOVEMENT]   === Input Y Detections (letzte 5) ===
[MOVEMENT]     ID=12219 | 21:57:41 |  0 Pers | Conf=  N/A | FREE
[MOVEMENT]     ID=12220 | 21:57:42 |  0 Pers | Conf=  N/A | FREE
[MOVEMENT]     ID=12221 | 21:57:43 |  0 Pers | Conf=  N/A | FREE
[MOVEMENT]     ID=12227 | 21:57:48 |  0 Pers | Conf=  N/A | FREE
[MOVEMENT]     ID=12228 | 21:57:49 |  0 Pers | Conf=  N/A | FREE

[MOVEMENT] === SUCHE ENTRY-MUSTER (Y→X Sequenz) ===
[MOVEMENT]   Entry-Versuch 1: X=35, Y=34 verfügbar
[MOVEMENT]     Analysiere Y→X Sequenzen für Entry...
[MOVEMENT]     Keine Y-Anstiege gefunden
[MOVEMENT] Entry-Muster gefunden: 0

[MOVEMENT] === SUCHE EXIT-MUSTER (X→Y Sequenz) ===
[MOVEMENT]   Exit-Versuch 1: X=35, Y=34 verfügbar
[MOVEMENT]     Analysiere X→Y Sequenzen für Exit...
[MOVEMENT]     Keine X-Anstiege gefunden
[MOVEMENT] Exit-Muster gefunden: 0

[MOVEMENT] Gesamt gefunden: 0 Bewegung(en)
[ANALYZER] Keine Bewegungen erkannt

================================================================================
[ANALYZER] Zyklus #12 - 2025-11-09 21:58:19
================================================================================
[ANALYZER] Detections: 68 total
[ANALYZER]   Neu: 33
[ANALYZER]   Lookback (wiederverwendbar): 35
[ANALYZER]   Bereits in Muster: 0
[ANALYZER] Input X: 33 | Input Y: 35

[ANALYZER] Detections-Übersicht (erste 5):
  ID=12194 | 21:57:20 | input_x    |  0 Pers | Det-Conf=  N/A | PROC | FREE
  ID=12195 | 21:57:20 | input_x    |  0 Pers | Det-Conf=  N/A | PROC | FREE
  ID=12196 | 21:57:21 | input_x    |  0 Pers | Det-Conf=  N/A | PROC | FREE
  ID=12197 | 21:57:21 | input_y    |  0 Pers | Det-Conf=  N/A | PROC | FREE
  ID=12198 | 21:57:22 | input_y    |  0 Pers | Det-Conf=  N/A | PROC | FREE
  ... und 63 weitere

[ANALYZER] Starte Bewegungsanalyse...

[MOVEMENT] detect_movements() mit 68 Detections
[MOVEMENT] Verfügbare Detections: 68/68
[MOVEMENT] Zeitspanne: 2025-11-09 21:57:20.184098 bis 2025-11-09 21:58:19.114964
[MOVEMENT] Input X: 33 Detections
[MOVEMENT] Input Y: 35 Detections

[MOVEMENT]   === Input X Detections (letzte 5) ===
[MOVEMENT]     ID=12252 | 21:58:12 |  0 Pers | Conf=  N/A | FREE
[MOVEMENT]     ID=12253 | 21:58:13 |  0 Pers | Conf=  N/A | FREE
[MOVEMENT]     ID=12254 | 21:58:13 |  0 Pers | Conf=  N/A | FREE
[MOVEMENT]     ID=12255 | 21:58:14 |  0 Pers | Conf=  N/A | FREE
[MOVEMENT]     ID=12256 | 21:58:15 |  0 Pers | Conf=  N/A | FREE

[MOVEMENT]   === Input Y Detections (letzte 5) ===
[MOVEMENT]     ID=12257 | 21:58:16 |  0 Pers | Conf=  N/A | FREE
[MOVEMENT]     ID=12258 | 21:58:16 |  0 Pers | Conf=  N/A | FREE
[MOVEMENT]     ID=12259 | 21:58:17 |  0 Pers | Conf=  N/A | FREE
[MOVEMENT]     ID=12260 | 21:58:18 |  0 Pers | Conf=  N/A | FREE
[MOVEMENT]     ID=12261 | 21:58:19 |  0 Pers | Conf=  N/A | FREE

[MOVEMENT] === SUCHE ENTRY-MUSTER (Y→X Sequenz) ===
[MOVEMENT]   Entry-Versuch 1: X=33, Y=35 verfügbar
[MOVEMENT]     Analysiere Y→X Sequenzen für Entry...
[MOVEMENT]     Keine Y-Anstiege gefunden
[MOVEMENT] Entry-Muster gefunden: 0

[MOVEMENT] === SUCHE EXIT-MUSTER (X→Y Sequenz) ===
[MOVEMENT]   Exit-Versuch 1: X=33, Y=35 verfügbar
[MOVEMENT]     Analysiere X→Y Sequenzen für Exit...
[MOVEMENT]     Keine X-Anstiege gefunden
[MOVEMENT] Exit-Muster gefunden: 0

[MOVEMENT] Gesamt gefunden: 0 Bewegung(en)
[ANALYZER] Keine Bewegungen erkannt

================================================================================
[ANALYZER] Zyklus #13 - 2025-11-09 21:58:49
================================================================================
[ANALYZER] Detections: 65 total
[ANALYZER]   Neu: 32
[ANALYZER]   Lookback (wiederverwendbar): 33
[ANALYZER]   Bereits in Muster: 0
[ANALYZER] Input X: 32 | Input Y: 33

[ANALYZER] Detections-Übersicht (erste 5):
  ID=12229 | 21:57:50 | input_y    |  0 Pers | Det-Conf=  N/A | PROC | FREE
  ID=12230 | 21:57:50 | input_y    |  0 Pers | Det-Conf=  N/A | PROC | FREE
  ID=12231 | 21:57:51 | input_y    |  0 Pers | Det-Conf=  N/A | PROC | FREE
  ID=12232 | 21:57:53 | input_x    |  0 Pers | Det-Conf=  N/A | PROC | FREE
  ID=12233 | 21:57:54 | input_x    |  0 Pers | Det-Conf=  N/A | PROC | FREE
  ... und 60 weitere

[ANALYZER] Starte Bewegungsanalyse...

[MOVEMENT] detect_movements() mit 65 Detections
[MOVEMENT] Verfügbare Detections: 65/65
[MOVEMENT] Zeitspanne: 2025-11-09 21:57:50.191633 bis 2025-11-09 21:58:48.823425
[MOVEMENT] Input X: 32 Detections
[MOVEMENT] Input Y: 33 Detections

[MOVEMENT]   === Input X Detections (letzte 5) ===
[MOVEMENT]     ID=12284 | 21:58:41 |  0 Pers | Conf=  N/A | FREE
[MOVEMENT]     ID=12285 | 21:58:41 |  0 Pers | Conf=  N/A | FREE
[MOVEMENT]     ID=12286 | 21:58:42 |  0 Pers | Conf=  N/A | FREE
[MOVEMENT]     ID=12292 | 21:58:48 |  0 Pers | Conf=  N/A | FREE
[MOVEMENT]     ID=12293 | 21:58:48 |  0 Pers | Conf=  N/A | FREE

[MOVEMENT]   === Input Y Detections (letzte 5) ===
[MOVEMENT]     ID=12287 | 21:58:42 |  0 Pers | Conf=  N/A | FREE
[MOVEMENT]     ID=12288 | 21:58:43 |  0 Pers | Conf=  N/A | FREE
[MOVEMENT]     ID=12289 | 21:58:44 |  0 Pers | Conf=  N/A | FREE
[MOVEMENT]     ID=12290 | 21:58:45 |  0 Pers | Conf=  N/A | FREE
[MOVEMENT]     ID=12291 | 21:58:45 |  0 Pers | Conf=  N/A | FREE

[MOVEMENT] === SUCHE ENTRY-MUSTER (Y→X Sequenz) ===
[MOVEMENT]   Entry-Versuch 1: X=32, Y=33 verfügbar
[MOVEMENT]     Analysiere Y→X Sequenzen für Entry...
[MOVEMENT]     Keine Y-Anstiege gefunden
[MOVEMENT] Entry-Muster gefunden: 0

[MOVEMENT] === SUCHE EXIT-MUSTER (X→Y Sequenz) ===
[MOVEMENT]   Exit-Versuch 1: X=32, Y=33 verfügbar
[MOVEMENT]     Analysiere X→Y Sequenzen für Exit...
[MOVEMENT]     Keine X-Anstiege gefunden
[MOVEMENT] Exit-Muster gefunden: 0

[MOVEMENT] Gesamt gefunden: 0 Bewegung(en)
[ANALYZER] Keine Bewegungen erkannt

================================================================================
[ANALYZER] Zyklus #14 - 2025-11-09 21:59:19
================================================================================
[ANALYZER] Detections: 67 total
[ANALYZER]   Neu: 35
[ANALYZER]   Lookback (wiederverwendbar): 32
[ANALYZER]   Bereits in Muster: 0
[ANALYZER] Input X: 35 | Input Y: 32

[ANALYZER] Detections-Übersicht (erste 5):
  ID=12262 | 21:58:21 | input_x    |  0 Pers | Det-Conf=  N/A | PROC | FREE
  ID=12263 | 21:58:22 | input_x    |  0 Pers | Det-Conf=  N/A | PROC | FREE
  ID=12264 | 21:58:22 | input_x    |  0 Pers | Det-Conf=  N/A | PROC | FREE
  ID=12265 | 21:58:23 | input_x    |  0 Pers | Det-Conf=  N/A | PROC | FREE
  ID=12266 | 21:58:24 | input_x    |  0 Pers | Det-Conf=  N/A | PROC | FREE
  ... und 62 weitere

[ANALYZER] Starte Bewegungsanalyse...

[MOVEMENT] detect_movements() mit 67 Detections
[MOVEMENT] Verfügbare Detections: 67/67
[MOVEMENT] Zeitspanne: 2025-11-09 21:58:21.369800 bis 2025-11-09 21:59:19.024707
[MOVEMENT] Input X: 35 Detections
[MOVEMENT] Input Y: 32 Detections

[MOVEMENT]   === Input X Detections (letzte 5) ===
[MOVEMENT]     ID=12322 | 21:59:14 |  0 Pers | Conf=  N/A | FREE
[MOVEMENT]     ID=12323 | 21:59:15 |  0 Pers | Conf=  N/A | FREE
[MOVEMENT]     ID=12324 | 21:59:16 |  0 Pers | Conf=  N/A | FREE
[MOVEMENT]     ID=12325 | 21:59:16 |  0 Pers | Conf=  N/A | FREE
[MOVEMENT]     ID=12326 | 21:59:17 |  0 Pers | Conf=  N/A | FREE

[MOVEMENT]   === Input Y Detections (letzte 5) ===
[MOVEMENT]     ID=12319 | 21:59:10 |  0 Pers | Conf=  N/A | FREE
[MOVEMENT]     ID=12320 | 21:59:11 |  0 Pers | Conf=  N/A | FREE
[MOVEMENT]     ID=12321 | 21:59:12 |  0 Pers | Conf=  N/A | FREE
[MOVEMENT]     ID=12327 | 21:59:18 |  0 Pers | Conf=  N/A | FREE
[MOVEMENT]     ID=12328 | 21:59:19 |  0 Pers | Conf=  N/A | FREE

[MOVEMENT] === SUCHE ENTRY-MUSTER (Y→X Sequenz) ===
[MOVEMENT]   Entry-Versuch 1: X=35, Y=32 verfügbar
[MOVEMENT]     Analysiere Y→X Sequenzen für Entry...
[MOVEMENT]     Keine Y-Anstiege gefunden
[MOVEMENT] Entry-Muster gefunden: 0

[MOVEMENT] === SUCHE EXIT-MUSTER (X→Y Sequenz) ===
[MOVEMENT]   Exit-Versuch 1: X=35, Y=32 verfügbar
[MOVEMENT]     Analysiere X→Y Sequenzen für Exit...
[MOVEMENT]     Keine X-Anstiege gefunden
[MOVEMENT] Exit-Muster gefunden: 0

[MOVEMENT] Gesamt gefunden: 0 Bewegung(en)
[ANALYZER] Keine Bewegungen erkannt

================================================================================
[ANALYZER] Zyklus #15 - 2025-11-09 21:59:49
================================================================================
[ANALYZER] Detections: 67 total
[ANALYZER]   Neu: 33
[ANALYZER]   Lookback (wiederverwendbar): 34
[ANALYZER]   Bereits in Muster: 0
[ANALYZER] Input X: 32 | Input Y: 35

[ANALYZER] Detections-Übersicht (erste 5):
  ID=12295 | 21:58:50 | input_x    |  0 Pers | Det-Conf=  N/A | PROC | FREE
  ID=12296 | 21:58:51 | input_x    |  0 Pers | Det-Conf=  N/A | PROC | FREE
  ID=12297 | 21:58:51 | input_y    |  0 Pers | Det-Conf=  N/A | PROC | FREE
  ID=12298 | 21:58:52 | input_y    |  0 Pers | Det-Conf=  N/A | PROC | FREE
  ID=12299 | 21:58:52 | input_y    |  0 Pers | Det-Conf=  N/A | PROC | FREE
  ... und 62 weitere

[ANALYZER] Starte Bewegungsanalyse...

[MOVEMENT] detect_movements() mit 67 Detections
[MOVEMENT] Verfügbare Detections: 67/67
[MOVEMENT] Zeitspanne: 2025-11-09 21:58:50.333732 bis 2025-11-09 21:59:48.043804
[MOVEMENT] Input X: 32 Detections
[MOVEMENT] Input Y: 35 Detections

[MOVEMENT]   === Input X Detections (letzte 5) ===
[MOVEMENT]     ID=12352 | 21:59:41 |  0 Pers | Conf=  N/A | FREE
[MOVEMENT]     ID=12353 | 21:59:42 |  0 Pers | Conf=  N/A | FREE
[MOVEMENT]     ID=12354 | 21:59:42 |  0 Pers | Conf=  N/A | FREE
[MOVEMENT]     ID=12355 | 21:59:43 |  0 Pers | Conf=  N/A | FREE
[MOVEMENT]     ID=12356 | 21:59:44 |  0 Pers | Conf=  N/A | FREE

[MOVEMENT]   === Input Y Detections (letzte 5) ===
[MOVEMENT]     ID=12357 | 21:59:45 |  0 Pers | Conf=  N/A | FREE
[MOVEMENT]     ID=12358 | 21:59:45 |  0 Pers | Conf=  N/A | FREE
[MOVEMENT]     ID=12359 | 21:59:46 |  0 Pers | Conf=  N/A | FREE
[MOVEMENT]     ID=12360 | 21:59:47 |  0 Pers | Conf=  N/A | FREE
[MOVEMENT]     ID=12361 | 21:59:48 |  0 Pers | Conf=  N/A | FREE

[MOVEMENT] === SUCHE ENTRY-MUSTER (Y→X Sequenz) ===
[MOVEMENT]   Entry-Versuch 1: X=32, Y=35 verfügbar
[MOVEMENT]     Analysiere Y→X Sequenzen für Entry...
[MOVEMENT]     Keine Y-Anstiege gefunden
[MOVEMENT] Entry-Muster gefunden: 0

[MOVEMENT] === SUCHE EXIT-MUSTER (X→Y Sequenz) ===
[MOVEMENT]   Exit-Versuch 1: X=32, Y=35 verfügbar
[MOVEMENT]     Analysiere X→Y Sequenzen für Exit...
[MOVEMENT]     Keine X-Anstiege gefunden
[MOVEMENT] Exit-Muster gefunden: 0

[MOVEMENT] Gesamt gefunden: 0 Bewegung(en)
[ANALYZER] Keine Bewegungen erkannt

================================================================================
[ANALYZER] Zyklus #16 - 2025-11-09 22:00:19
================================================================================
[ANALYZER] Detections: 69 total
[ANALYZER]   Neu: 36
[ANALYZER]   Lookback (wiederverwendbar): 33
[ANALYZER]   Bereits in Muster: 0
[ANALYZER] Input X: 35 | Input Y: 34

[ANALYZER] Detections-Übersicht (erste 5):
  ID=12329 | 21:59:19 | input_y    |  0 Pers | Det-Conf=  N/A | PROC | FREE
  ID=12330 | 21:59:20 | input_y    |  0 Pers | Det-Conf=  N/A | PROC | FREE
  ID=12331 | 21:59:21 | input_y    |  0 Pers | Det-Conf=  N/A | PROC | FREE
  ID=12332 | 21:59:23 | input_x    |  0 Pers | Det-Conf=  N/A | PROC | FREE
  ID=12333 | 21:59:24 | input_x    |  0 Pers | Det-Conf=  N/A | PROC | FREE
  ... und 64 weitere

[ANALYZER] Starte Bewegungsanalyse...

[MOVEMENT] detect_movements() mit 69 Detections
[MOVEMENT] Verfügbare Detections: 69/69
[MOVEMENT] Zeitspanne: 2025-11-09 21:59:19.781955 bis 2025-11-09 22:00:18.877716
[MOVEMENT] Input X: 35 Detections
[MOVEMENT] Input Y: 34 Detections

[MOVEMENT]   === Input X Detections (letzte 5) ===
[MOVEMENT]     ID=12392 | 22:00:15 |  0 Pers | Conf=  N/A | FREE
[MOVEMENT]     ID=12393 | 22:00:16 |  1 Pers | Conf=0.914 | FREE
[MOVEMENT]     ID=12394 | 22:00:17 |  1 Pers | Conf=0.921 | FREE
[MOVEMENT]     ID=12395 | 22:00:17 |  1 Pers | Conf=0.917 | FREE
[MOVEMENT]     ID=12396 | 22:00:18 |  0 Pers | Conf=  N/A | FREE

[MOVEMENT]   === Input Y Detections (letzte 5) ===
[MOVEMENT]     ID=12388 | 22:00:11 |  0 Pers | Conf=  N/A | FREE
[MOVEMENT]     ID=12389 | 22:00:12 |  0 Pers | Conf=  N/A | FREE
[MOVEMENT]     ID=12390 | 22:00:12 |  0 Pers | Conf=  N/A | FREE
[MOVEMENT]     ID=12391 | 22:00:13 |  0 Pers | Conf=  N/A | FREE
[MOVEMENT]     ID=12397 | 22:00:18 |  0 Pers | Conf=  N/A | FREE

[MOVEMENT] === SUCHE ENTRY-MUSTER (Y→X Sequenz) ===
[MOVEMENT]   Entry-Versuch 1: X=35, Y=34 verfügbar
[MOVEMENT]     Analysiere Y→X Sequenzen für Entry...
[MOVEMENT]     Keine Y-Anstiege gefunden
[MOVEMENT] Entry-Muster gefunden: 0

[MOVEMENT] === SUCHE EXIT-MUSTER (X→Y Sequenz) ===
[MOVEMENT]   Exit-Versuch 1: X=35, Y=34 verfügbar
[MOVEMENT]     Analysiere X→Y Sequenzen für Exit...
[MOVEMENT]     2 X-Anstiege gefunden
[MOVEMENT]     Prüfe X-Anstieg: +1 um 22:00:01
[MOVEMENT]     Keine Personen in Y NACH X-Anstieg
[MOVEMENT]     Prüfe X-Anstieg: +1 um 22:00:16
[MOVEMENT]     Keine Personen in Y NACH X-Anstieg
[MOVEMENT]     Kein gültiges Exit-Muster gefunden
[MOVEMENT] Exit-Muster gefunden: 0

[MOVEMENT] Gesamt gefunden: 0 Bewegung(en)
[ANALYZER] Keine Bewegungen erkannt

================================================================================
[ANALYZER] Zyklus #17 - 2025-11-09 22:00:49
================================================================================
[ANALYZER] Detections: 71 total
[ANALYZER]   Neu: 35
[ANALYZER]   Lookback (wiederverwendbar): 36
[ANALYZER]   Bereits in Muster: 0
[ANALYZER] Input X: 36 | Input Y: 35

[ANALYZER] Detections-Übersicht (erste 5):
  ID=12362 | 21:59:50 | input_x    |  0 Pers | Det-Conf=  N/A | PROC | FREE
  ID=12363 | 21:59:51 | input_x    |  0 Pers | Det-Conf=  N/A | PROC | FREE
  ID=12364 | 21:59:52 | input_x    |  0 Pers | Det-Conf=  N/A | PROC | FREE
  ID=12365 | 21:59:53 | input_x    |  0 Pers | Det-Conf=  N/A | PROC | FREE
  ID=12366 | 21:59:53 | input_x    |  0 Pers | Det-Conf=  N/A | PROC | FREE
  ... und 66 weitere

[ANALYZER] Starte Bewegungsanalyse...

[MOVEMENT] detect_movements() mit 71 Detections
[MOVEMENT] Verfügbare Detections: 71/71
[MOVEMENT] Zeitspanne: 2025-11-09 21:59:50.906279 bis 2025-11-09 22:00:49.304323
[MOVEMENT] Input X: 36 Detections
[MOVEMENT] Input Y: 35 Detections

[MOVEMENT]   === Input X Detections (letzte 5) ===
[MOVEMENT]     ID=12423 | 22:00:41 |  0 Pers | Conf=  N/A | FREE
[MOVEMENT]     ID=12424 | 22:00:42 |  0 Pers | Conf=  N/A | FREE
[MOVEMENT]     ID=12425 | 22:00:43 |  0 Pers | Conf=  N/A | FREE
[MOVEMENT]     ID=12426 | 22:00:43 |  0 Pers | Conf=  N/A | FREE
[MOVEMENT]     ID=12432 | 22:00:49 |  0 Pers | Conf=  N/A | FREE

[MOVEMENT]   === Input Y Detections (letzte 5) ===
[MOVEMENT]     ID=12427 | 22:00:44 |  0 Pers | Conf=  N/A | FREE
[MOVEMENT]     ID=12428 | 22:00:44 |  0 Pers | Conf=  N/A | FREE
[MOVEMENT]     ID=12429 | 22:00:45 |  0 Pers | Conf=  N/A | FREE
[MOVEMENT]     ID=12430 | 22:00:46 |  0 Pers | Conf=  N/A | FREE
[MOVEMENT]     ID=12431 | 22:00:46 |  0 Pers | Conf=  N/A | FREE

[MOVEMENT] === SUCHE ENTRY-MUSTER (Y→X Sequenz) ===
[MOVEMENT]   Entry-Versuch 1: X=36, Y=35 verfügbar
[MOVEMENT]     Analysiere Y→X Sequenzen für Entry...
[MOVEMENT]     1 Y-Anstiege gefunden
[MOVEMENT]     Prüfe Y-Anstieg: +1 um 22:00:27
[MOVEMENT]     Keine Personen in X NACH Y-Anstieg
[MOVEMENT]     Kein gültiges Entry-Muster gefunden
[MOVEMENT] Entry-Muster gefunden: 0

[MOVEMENT] === SUCHE EXIT-MUSTER (X→Y Sequenz) ===
[MOVEMENT]   Exit-Versuch 1: X=36, Y=35 verfügbar
[MOVEMENT]     Analysiere X→Y Sequenzen für Exit...
[MOVEMENT]     2 X-Anstiege gefunden
[MOVEMENT]     Prüfe X-Anstieg: +1 um 22:00:01
[MOVEMENT]     Keine Personen in Y NACH X-Anstieg
[MOVEMENT]     Prüfe X-Anstieg: +1 um 22:00:16
[MOVEMENT]     ✓ Y-Aktivität NACH X: Durchschnitt 0.1 Personen
[MOVEMENT]     Pattern Confidence: 0.53
[MOVEMENT]   Exit erkannt: 1 Person(en), Conf=0.53
[MOVEMENT]   Exit-Versuch 2: X=32, Y=24 verfügbar
[MOVEMENT]     Analysiere X→Y Sequenzen für Exit...
[MOVEMENT]     2 X-Anstiege gefunden
[MOVEMENT]     Prüfe X-Anstieg: +1 um 22:00:01
[MOVEMENT]     Keine Personen in Y NACH X-Anstieg
[MOVEMENT]     Prüfe X-Anstieg: +1 um 22:00:17
[MOVEMENT]     Keine Personen in Y NACH X-Anstieg
[MOVEMENT]     Kein gültiges Exit-Muster gefunden
[MOVEMENT] Exit-Muster gefunden: 1

[MOVEMENT] Gesamt gefunden: 1 Bewegung(en)

[ANALYZER] 1 Bewegung(en) verarbeiten:

  [1] EXIT
      Personen: 1
      Pattern Confidence: 0.53
      Muster: X→Y: X increase +1 @ 22:00:16, then Y avg 0.1
      Verwendete IDs: X=[12386, 12392, 12393, 12394], Y=[12397, 12398, 12399, 12400, 12401, 12407, 12408, 12409, 12410, 12411, 12417]
      Gespeichert: Movement ID=125
[ROOM] EXIT: 21 -> 20 (-1, Conf=0.53)

[ANALYZER] Markiere 15 Detections als in Muster verwendet
[ANALYZER] 71 Detections als verarbeitet markiert

================================================================================
[ROOM] AKTUELLER ZUSTAND: 20 Personen im Raum
================================================================================

================================================================================
[ANALYZER] Zyklus #18 - 2025-11-09 22:01:19
================================================================================
[ANALYZER] Detections: 57 total
[ANALYZER]   Neu: 32
[ANALYZER]   Lookback (wiederverwendbar): 25
[ANALYZER]   Bereits in Muster: 0
[ANALYZER] Input X: 33 | Input Y: 24

[ANALYZER] Detections-Übersicht (erste 5):
  ID=12402 | 22:00:24 | input_x    |  0 Pers | Det-Conf=  N/A | PROC | FREE
  ID=12403 | 22:00:24 | input_x    |  0 Pers | Det-Conf=  N/A | PROC | FREE
  ID=12404 | 22:00:25 | input_x    |  0 Pers | Det-Conf=  N/A | PROC | FREE
  ID=12405 | 22:00:26 | input_x    |  0 Pers | Det-Conf=  N/A | PROC | FREE
  ID=12406 | 22:00:27 | input_x    |  0 Pers | Det-Conf=  N/A | PROC | FREE
  ... und 52 weitere

[ANALYZER] Starte Bewegungsanalyse...

[MOVEMENT] detect_movements() mit 57 Detections
[MOVEMENT] Verfügbare Detections: 57/57
[MOVEMENT] Zeitspanne: 2025-11-09 22:00:24.130014 bis 2025-11-09 22:01:19.052900
[MOVEMENT] Input X: 33 Detections
[MOVEMENT] Input Y: 24 Detections

[MOVEMENT]   === Input X Detections (letzte 5) ===
[MOVEMENT]     ID=12455 | 22:01:10 |  0 Pers | Conf=  N/A | FREE
[MOVEMENT]     ID=12456 | 22:01:11 |  0 Pers | Conf=  N/A | FREE
[MOVEMENT]     ID=12462 | 22:01:17 |  0 Pers | Conf=  N/A | FREE
[MOVEMENT]     ID=12463 | 22:01:18 |  0 Pers | Conf=  N/A | FREE
[MOVEMENT]     ID=12464 | 22:01:19 |  0 Pers | Conf=  N/A | FREE

[MOVEMENT]   === Input Y Detections (letzte 5) ===
[MOVEMENT]     ID=12457 | 22:01:11 |  0 Pers | Conf=  N/A | FREE
[MOVEMENT]     ID=12458 | 22:01:12 |  0 Pers | Conf=  N/A | FREE
[MOVEMENT]     ID=12459 | 22:01:13 |  0 Pers | Conf=  N/A | FREE
[MOVEMENT]     ID=12460 | 22:01:14 |  0 Pers | Conf=  N/A | FREE
[MOVEMENT]     ID=12461 | 22:01:14 |  0 Pers | Conf=  N/A | FREE

[MOVEMENT] === SUCHE ENTRY-MUSTER (Y→X Sequenz) ===
[MOVEMENT]   Entry-Versuch 1: X=33, Y=24 verfügbar
[MOVEMENT]     Analysiere Y→X Sequenzen für Entry...
[MOVEMENT]     Keine Y-Anstiege gefunden
[MOVEMENT] Entry-Muster gefunden: 0

[MOVEMENT] === SUCHE EXIT-MUSTER (X→Y Sequenz) ===
[MOVEMENT]   Exit-Versuch 1: X=33, Y=24 verfügbar
[MOVEMENT]     Analysiere X→Y Sequenzen für Exit...
[MOVEMENT]     Keine X-Anstiege gefunden
[MOVEMENT] Exit-Muster gefunden: 0

[MOVEMENT] Gesamt gefunden: 0 Bewegung(en)
[ANALYZER] Keine Bewegungen erkannt

================================================================================
[ANALYZER] Zyklus #19 - 2025-11-09 22:01:49
================================================================================
[ANALYZER] Detections: 69 total
[ANALYZER]   Neu: 37
[ANALYZER]   Lookback (wiederverwendbar): 32
[ANALYZER]   Bereits in Muster: 0
[ANALYZER] Input X: 34 | Input Y: 35

[ANALYZER] Detections-Übersicht (erste 5):
  ID=12433 | 22:00:50 | input_x    |  0 Pers | Det-Conf=  N/A | PROC | FREE
  ID=12434 | 22:00:50 | input_x    |  0 Pers | Det-Conf=  N/A | PROC | FREE
  ID=12435 | 22:00:51 | input_x    |  0 Pers | Det-Conf=  N/A | PROC | FREE
  ID=12436 | 22:00:52 | input_x    |  0 Pers | Det-Conf=  N/A | PROC | FREE
  ID=12437 | 22:00:53 | input_y    |  0 Pers | Det-Conf=  N/A | PROC | FREE
  ... und 64 weitere

[ANALYZER] Starte Bewegungsanalyse...

[MOVEMENT] detect_movements() mit 69 Detections
[MOVEMENT] Verfügbare Detections: 69/69
[MOVEMENT] Zeitspanne: 2025-11-09 22:00:50.060849 bis 2025-11-09 22:01:48.074499
[MOVEMENT] Input X: 34 Detections
[MOVEMENT] Input Y: 35 Detections

[MOVEMENT]   === Input X Detections (letzte 5) ===
[MOVEMENT]     ID=12492 | 22:01:42 |  0 Pers | Conf=  N/A | FREE
[MOVEMENT]     ID=12493 | 22:01:43 |  0 Pers | Conf=  N/A | FREE
[MOVEMENT]     ID=12494 | 22:01:43 |  0 Pers | Conf=  N/A | FREE
[MOVEMENT]     ID=12495 | 22:01:44 |  0 Pers | Conf=  N/A | FREE
[MOVEMENT]     ID=12496 | 22:01:44 |  0 Pers | Conf=  N/A | FREE

[MOVEMENT]   === Input Y Detections (letzte 5) ===
[MOVEMENT]     ID=12497 | 22:01:45 |  0 Pers | Conf=  N/A | FREE
[MOVEMENT]     ID=12498 | 22:01:45 |  0 Pers | Conf=  N/A | FREE
[MOVEMENT]     ID=12499 | 22:01:46 |  0 Pers | Conf=  N/A | FREE
[MOVEMENT]     ID=12500 | 22:01:47 |  0 Pers | Conf=  N/A | FREE
[MOVEMENT]     ID=12501 | 22:01:48 |  0 Pers | Conf=  N/A | FREE

[MOVEMENT] === SUCHE ENTRY-MUSTER (Y→X Sequenz) ===
[MOVEMENT]   Entry-Versuch 1: X=34, Y=35 verfügbar
[MOVEMENT]     Analysiere Y→X Sequenzen für Entry...
[MOVEMENT]     Keine Y-Anstiege gefunden
[MOVEMENT] Entry-Muster gefunden: 0

[MOVEMENT] === SUCHE EXIT-MUSTER (X→Y Sequenz) ===
[MOVEMENT]   Exit-Versuch 1: X=34, Y=35 verfügbar
[MOVEMENT]     Analysiere X→Y Sequenzen für Exit...
[MOVEMENT]     Keine X-Anstiege gefunden
[MOVEMENT] Exit-Muster gefunden: 0

[MOVEMENT] Gesamt gefunden: 0 Bewegung(en)
[ANALYZER] Keine Bewegungen erkannt

================================================================================
[ANALYZER] Zyklus #20 - 2025-11-09 22:02:19
================================================================================
[ANALYZER] Detections: 71 total
[ANALYZER]   Neu: 34
[ANALYZER]   Lookback (wiederverwendbar): 37
[ANALYZER]   Bereits in Muster: 0
[ANALYZER] Input X: 36 | Input Y: 35

[ANALYZER] Detections-Übersicht (erste 5):
  ID=12465 | 22:01:19 | input_x    |  0 Pers | Det-Conf=  N/A | PROC | FREE
  ID=12466 | 22:01:20 | input_x    |  0 Pers | Det-Conf=  N/A | PROC | FREE
  ID=12467 | 22:01:20 | input_y    |  0 Pers | Det-Conf=  N/A | PROC | FREE
  ID=12468 | 22:01:21 | input_y    |  0 Pers | Det-Conf=  N/A | PROC | FREE
  ID=12469 | 22:01:22 | input_y    |  0 Pers | Det-Conf=  N/A | PROC | FREE
  ... und 66 weitere

[ANALYZER] Starte Bewegungsanalyse...

[MOVEMENT] detect_movements() mit 71 Detections
[MOVEMENT] Verfügbare Detections: 71/71
[MOVEMENT] Zeitspanne: 2025-11-09 22:01:19.801740 bis 2025-11-09 22:02:18.906139
[MOVEMENT] Input X: 36 Detections
[MOVEMENT] Input Y: 35 Detections

[MOVEMENT]   === Input X Detections (letzte 5) ===
[MOVEMENT]     ID=12526 | 22:02:10 |  0 Pers | Conf=  N/A | FREE
[MOVEMENT]     ID=12532 | 22:02:17 |  0 Pers | Conf=  N/A | FREE
[MOVEMENT]     ID=12533 | 22:02:17 |  0 Pers | Conf=  N/A | FREE
[MOVEMENT]     ID=12534 | 22:02:18 |  0 Pers | Conf=  N/A | FREE
[MOVEMENT]     ID=12535 | 22:02:18 |  0 Pers | Conf=  N/A | FREE

[MOVEMENT]   === Input Y Detections (letzte 5) ===
[MOVEMENT]     ID=12527 | 22:02:10 |  0 Pers | Conf=  N/A | FREE
[MOVEMENT]     ID=12528 | 22:02:11 |  0 Pers | Conf=  N/A | FREE
[MOVEMENT]     ID=12529 | 22:02:12 |  0 Pers | Conf=  N/A | FREE
[MOVEMENT]     ID=12530 | 22:02:13 |  0 Pers | Conf=  N/A | FREE
[MOVEMENT]     ID=12531 | 22:02:13 |  0 Pers | Conf=  N/A | FREE

[MOVEMENT] === SUCHE ENTRY-MUSTER (Y→X Sequenz) ===
[MOVEMENT]   Entry-Versuch 1: X=36, Y=35 verfügbar
[MOVEMENT]     Analysiere Y→X Sequenzen für Entry...
[MOVEMENT]     Keine Y-Anstiege gefunden
[MOVEMENT] Entry-Muster gefunden: 0

[MOVEMENT] === SUCHE EXIT-MUSTER (X→Y Sequenz) ===
[MOVEMENT]   Exit-Versuch 1: X=36, Y=35 verfügbar
[MOVEMENT]     Analysiere X→Y Sequenzen für Exit...
[MOVEMENT]     Keine X-Anstiege gefunden
[MOVEMENT] Exit-Muster gefunden: 0

[MOVEMENT] Gesamt gefunden: 0 Bewegung(en)
[ANALYZER] Keine Bewegungen erkannt

================================================================================
[ANALYZER] Zyklus #21 - 2025-11-09 22:02:49
================================================================================
[ANALYZER] Detections: 66 total
[ANALYZER]   Neu: 32
[ANALYZER]   Lookback (wiederverwendbar): 34
[ANALYZER]   Bereits in Muster: 0
[ANALYZER] Input X: 34 | Input Y: 32

[ANALYZER] Detections-Übersicht (erste 5):
  ID=12502 | 22:01:50 | input_x    |  0 Pers | Det-Conf=  N/A | PROC | FREE
  ID=12503 | 22:01:51 | input_x    |  0 Pers | Det-Conf=  N/A | PROC | FREE
  ID=12504 | 22:01:52 | input_x    |  0 Pers | Det-Conf=  N/A | PROC | FREE
  ID=12505 | 22:01:53 | input_x    |  0 Pers | Det-Conf=  N/A | PROC | FREE
  ID=12506 | 22:01:53 | input_x    |  0 Pers | Det-Conf=  N/A | PROC | FREE
  ... und 61 weitere

[ANALYZER] Starte Bewegungsanalyse...

[MOVEMENT] detect_movements() mit 66 Detections
[MOVEMENT] Verfügbare Detections: 66/66
[MOVEMENT] Zeitspanne: 2025-11-09 22:01:50.825867 bis 2025-11-09 22:02:48.489108
[MOVEMENT] Input X: 34 Detections
[MOVEMENT] Input Y: 32 Detections

[MOVEMENT]   === Input X Detections (letzte 5) ===
[MOVEMENT]     ID=12562 | 22:02:44 |  0 Pers | Conf=  N/A | FREE
[MOVEMENT]     ID=12563 | 22:02:45 |  0 Pers | Conf=  N/A | FREE
[MOVEMENT]     ID=12564 | 22:02:45 |  0 Pers | Conf=  N/A | FREE
[MOVEMENT]     ID=12565 | 22:02:46 |  0 Pers | Conf=  N/A | FREE
[MOVEMENT]     ID=12566 | 22:02:47 |  0 Pers | Conf=  N/A | FREE

[MOVEMENT]   === Input Y Detections (letzte 5) ===
[MOVEMENT]     ID=12559 | 22:02:41 |  0 Pers | Conf=  N/A | FREE
[MOVEMENT]     ID=12560 | 22:02:41 |  0 Pers | Conf=  N/A | FREE
[MOVEMENT]     ID=12561 | 22:02:42 |  0 Pers | Conf=  N/A | FREE
[MOVEMENT]     ID=12567 | 22:02:47 |  0 Pers | Conf=  N/A | FREE
[MOVEMENT]     ID=12568 | 22:02:48 |  0 Pers | Conf=  N/A | FREE

[MOVEMENT] === SUCHE ENTRY-MUSTER (Y→X Sequenz) ===
[MOVEMENT]   Entry-Versuch 1: X=34, Y=32 verfügbar
[MOVEMENT]     Analysiere Y→X Sequenzen für Entry...
[MOVEMENT]     Keine Y-Anstiege gefunden
[MOVEMENT] Entry-Muster gefunden: 0

[MOVEMENT] === SUCHE EXIT-MUSTER (X→Y Sequenz) ===
[MOVEMENT]   Exit-Versuch 1: X=34, Y=32 verfügbar
[MOVEMENT]     Analysiere X→Y Sequenzen für Exit...
[MOVEMENT]     Keine X-Anstiege gefunden
[MOVEMENT] Exit-Muster gefunden: 0

[MOVEMENT] Gesamt gefunden: 0 Bewegung(en)
[ANALYZER] Keine Bewegungen erkannt

================================================================================
[ANALYZER] Zyklus #22 - 2025-11-09 22:03:19
================================================================================
[ANALYZER] Detections: 66 total
[ANALYZER]   Neu: 34
[ANALYZER]   Lookback (wiederverwendbar): 32
[ANALYZER]   Bereits in Muster: 0
[ANALYZER] Input X: 31 | Input Y: 35

[ANALYZER] Detections-Übersicht (erste 5):
  ID=12537 | 22:02:20 | input_y    |  0 Pers | Det-Conf=  N/A | PROC | FREE
  ID=12538 | 22:02:21 | input_y    |  0 Pers | Det-Conf=  N/A | PROC | FREE
  ID=12539 | 22:02:21 | input_y    |  0 Pers | Det-Conf=  N/A | PROC | FREE
  ID=12540 | 22:02:22 | input_y    |  0 Pers | Det-Conf=  N/A | PROC | FREE
  ID=12541 | 22:02:23 | input_y    |  0 Pers | Det-Conf=  N/A | PROC | FREE
  ... und 61 weitere

[ANALYZER] Starte Bewegungsanalyse...

[MOVEMENT] detect_movements() mit 66 Detections
[MOVEMENT] Verfügbare Detections: 66/66
[MOVEMENT] Zeitspanne: 2025-11-09 22:02:20.413108 bis 2025-11-09 22:03:19.205151
[MOVEMENT] Input X: 31 Detections
[MOVEMENT] Input Y: 35 Detections

[MOVEMENT]   === Input X Detections (letzte 5) ===
[MOVEMENT]     ID=12593 | 22:03:11 |  0 Pers | Conf=  N/A | FREE
[MOVEMENT]     ID=12594 | 22:03:12 |  0 Pers | Conf=  N/A | FREE
[MOVEMENT]     ID=12595 | 22:03:13 |  0 Pers | Conf=  N/A | FREE
[MOVEMENT]     ID=12596 | 22:03:13 |  0 Pers | Conf=  N/A | FREE
[MOVEMENT]     ID=12602 | 22:03:19 |  0 Pers | Conf=  N/A | FREE

[MOVEMENT]   === Input Y Detections (letzte 5) ===
[MOVEMENT]     ID=12597 | 22:03:14 |  0 Pers | Conf=  N/A | FREE
[MOVEMENT]     ID=12598 | 22:03:15 |  0 Pers | Conf=  N/A | FREE
[MOVEMENT]     ID=12599 | 22:03:15 |  0 Pers | Conf=  N/A | FREE
[MOVEMENT]     ID=12600 | 22:03:16 |  0 Pers | Conf=  N/A | FREE
[MOVEMENT]     ID=12601 | 22:03:16 |  0 Pers | Conf=  N/A | FREE

[MOVEMENT] === SUCHE ENTRY-MUSTER (Y→X Sequenz) ===
[MOVEMENT]   Entry-Versuch 1: X=31, Y=35 verfügbar
[MOVEMENT]     Analysiere Y→X Sequenzen für Entry...
[MOVEMENT]     Keine Y-Anstiege gefunden
[MOVEMENT] Entry-Muster gefunden: 0

[MOVEMENT] === SUCHE EXIT-MUSTER (X→Y Sequenz) ===
[MOVEMENT]   Exit-Versuch 1: X=31, Y=35 verfügbar
[MOVEMENT]     Analysiere X→Y Sequenzen für Exit...
[MOVEMENT]     Keine X-Anstiege gefunden
[MOVEMENT] Exit-Muster gefunden: 0

[MOVEMENT] Gesamt gefunden: 0 Bewegung(en)
[ANALYZER] Keine Bewegungen erkannt

================================================================================
[ANALYZER] Zyklus #23 - 2025-11-09 22:03:49
================================================================================
[ANALYZER] Detections: 69 total
[ANALYZER]   Neu: 35
[ANALYZER]   Lookback (wiederverwendbar): 34
[ANALYZER]   Bereits in Muster: 0
[ANALYZER] Input X: 35 | Input Y: 34

[ANALYZER] Detections-Übersicht (erste 5):
  ID=12569 | 22:02:49 | input_y    |  0 Pers | Det-Conf=  N/A | PROC | FREE
  ID=12570 | 22:02:50 | input_y    |  0 Pers | Det-Conf=  N/A | PROC | FREE
  ID=12571 | 22:02:51 | input_y    |  0 Pers | Det-Conf=  N/A | PROC | FREE
  ID=12572 | 22:02:54 | input_x    |  0 Pers | Det-Conf=  N/A | PROC | FREE
  ID=12573 | 22:02:54 | input_x    |  0 Pers | Det-Conf=  N/A | PROC | FREE
  ... und 64 weitere

[ANALYZER] Starte Bewegungsanalyse...

[MOVEMENT] detect_movements() mit 69 Detections
[MOVEMENT] Verfügbare Detections: 69/69
[MOVEMENT] Zeitspanne: 2025-11-09 22:02:49.841550 bis 2025-11-09 22:03:49.063153
[MOVEMENT] Input X: 35 Detections
[MOVEMENT] Input Y: 34 Detections

[MOVEMENT]   === Input X Detections (letzte 5) ===
[MOVEMENT]     ID=12632 | 22:03:46 |  0 Pers | Conf=  N/A | FREE
[MOVEMENT]     ID=12633 | 22:03:47 |  0 Pers | Conf=  N/A | FREE
[MOVEMENT]     ID=12634 | 22:03:47 |  0 Pers | Conf=  N/A | FREE
[MOVEMENT]     ID=12635 | 22:03:48 |  0 Pers | Conf=  N/A | FREE
[MOVEMENT]     ID=12636 | 22:03:48 |  0 Pers | Conf=  N/A | FREE

[MOVEMENT]   === Input Y Detections (letzte 5) ===
[MOVEMENT]     ID=12628 | 22:03:41 |  0 Pers | Conf=  N/A | FREE
[MOVEMENT]     ID=12629 | 22:03:42 |  0 Pers | Conf=  N/A | FREE
[MOVEMENT]     ID=12630 | 22:03:43 |  0 Pers | Conf=  N/A | FREE
[MOVEMENT]     ID=12631 | 22:03:43 |  0 Pers | Conf=  N/A | FREE
[MOVEMENT]     ID=12637 | 22:03:49 |  0 Pers | Conf=  N/A | FREE

[MOVEMENT] === SUCHE ENTRY-MUSTER (Y→X Sequenz) ===
[MOVEMENT]   Entry-Versuch 1: X=35, Y=34 verfügbar
[MOVEMENT]     Analysiere Y→X Sequenzen für Entry...
[MOVEMENT]     1 Y-Anstiege gefunden
[MOVEMENT]     Prüfe Y-Anstieg: +1 um 22:03:23
[MOVEMENT]     Keine Personen in X NACH Y-Anstieg
[MOVEMENT]     Kein gültiges Entry-Muster gefunden
[MOVEMENT] Entry-Muster gefunden: 0

[MOVEMENT] === SUCHE EXIT-MUSTER (X→Y Sequenz) ===
[MOVEMENT]   Exit-Versuch 1: X=35, Y=34 verfügbar
[MOVEMENT]     Analysiere X→Y Sequenzen für Exit...
[MOVEMENT]     Keine X-Anstiege gefunden
[MOVEMENT] Exit-Muster gefunden: 0

[MOVEMENT] Gesamt gefunden: 0 Bewegung(en)
[ANALYZER] Keine Bewegungen erkannt

================================================================================
[ANALYZER] Zyklus #24 - 2025-11-09 22:04:19
================================================================================
[ANALYZER] Detections: 69 total
[ANALYZER]   Neu: 34
[ANALYZER]   Lookback (wiederverwendbar): 35
[ANALYZER]   Bereits in Muster: 0
[ANALYZER] Input X: 34 | Input Y: 35

[ANALYZER] Detections-Übersicht (erste 5):
  ID=12603 | 22:03:19 | input_x    |  0 Pers | Det-Conf=  N/A | PROC | FREE
  ID=12604 | 22:03:20 | input_x    |  0 Pers | Det-Conf=  N/A | PROC | FREE
  ID=12605 | 22:03:21 | input_x    |  0 Pers | Det-Conf=  N/A | PROC | FREE
  ID=12606 | 22:03:22 | input_x    |  0 Pers | Det-Conf=  N/A | PROC | FREE
  ID=12607 | 22:03:22 | input_y    |  0 Pers | Det-Conf=  N/A | PROC | FREE
  ... und 64 weitere

[ANALYZER] Starte Bewegungsanalyse...

[MOVEMENT] detect_movements() mit 69 Detections
[MOVEMENT] Verfügbare Detections: 69/69
[MOVEMENT] Zeitspanne: 2025-11-09 22:03:19.962873 bis 2025-11-09 22:04:17.756601
[MOVEMENT] Input X: 34 Detections
[MOVEMENT] Input Y: 35 Detections

[MOVEMENT]   === Input X Detections (letzte 5) ===
[MOVEMENT]     ID=12662 | 22:04:10 |  0 Pers | Conf=  N/A | FREE
[MOVEMENT]     ID=12663 | 22:04:11 |  0 Pers | Conf=  N/A | FREE
[MOVEMENT]     ID=12664 | 22:04:12 |  0 Pers | Conf=  N/A | FREE
[MOVEMENT]     ID=12665 | 22:04:13 |  0 Pers | Conf=  N/A | FREE
[MOVEMENT]     ID=12666 | 22:04:13 |  0 Pers | Conf=  N/A | FREE

[MOVEMENT]   === Input Y Detections (letzte 5) ===
[MOVEMENT]     ID=12667 | 22:04:14 |  0 Pers | Conf=  N/A | FREE
[MOVEMENT]     ID=12668 | 22:04:15 |  0 Pers | Conf=  N/A | FREE
[MOVEMENT]     ID=12669 | 22:04:16 |  0 Pers | Conf=  N/A | FREE
[MOVEMENT]     ID=12670 | 22:04:17 |  0 Pers | Conf=  N/A | FREE
[MOVEMENT]     ID=12671 | 22:04:17 |  0 Pers | Conf=  N/A | FREE

[MOVEMENT] === SUCHE ENTRY-MUSTER (Y→X Sequenz) ===
[MOVEMENT]   Entry-Versuch 1: X=34, Y=35 verfügbar
[MOVEMENT]     Analysiere Y→X Sequenzen für Entry...
[MOVEMENT]     1 Y-Anstiege gefunden
[MOVEMENT]     Prüfe Y-Anstieg: +1 um 22:03:23
[MOVEMENT]     Keine Personen in X NACH Y-Anstieg
[MOVEMENT]     Kein gültiges Entry-Muster gefunden
[MOVEMENT] Entry-Muster gefunden: 0

[MOVEMENT] === SUCHE EXIT-MUSTER (X→Y Sequenz) ===
[MOVEMENT]   Exit-Versuch 1: X=34, Y=35 verfügbar
[MOVEMENT]     Analysiere X→Y Sequenzen für Exit...
[MOVEMENT]     Keine X-Anstiege gefunden
[MOVEMENT] Exit-Muster gefunden: 0

[MOVEMENT] Gesamt gefunden: 0 Bewegung(en)
[ANALYZER] Keine Bewegungen erkannt

================================================================================
[ANALYZER] Zyklus #25 - 2025-11-09 22:04:49
================================================================================
[ANALYZER] Detections: 66 total
[ANALYZER]   Neu: 32
[ANALYZER]   Lookback (wiederverwendbar): 34
[ANALYZER]   Bereits in Muster: 0
[ANALYZER] Input X: 32 | Input Y: 34

[ANALYZER] Detections-Übersicht (erste 5):
  ID=12638 | 22:03:49 | input_y    |  0 Pers | Det-Conf=  N/A | PROC | FREE
  ID=12639 | 22:03:50 | input_y    |  0 Pers | Det-Conf=  N/A | PROC | FREE
  ID=12640 | 22:03:51 | input_y    |  0 Pers | Det-Conf=  N/A | PROC | FREE
  ID=12641 | 22:03:51 | input_y    |  0 Pers | Det-Conf=  N/A | PROC | FREE
  ID=12642 | 22:03:54 | input_x    |  0 Pers | Det-Conf=  N/A | PROC | FREE
  ... und 61 weitere

[ANALYZER] Starte Bewegungsanalyse...

[MOVEMENT] detect_movements() mit 66 Detections
[MOVEMENT] Verfügbare Detections: 66/66
[MOVEMENT] Zeitspanne: 2025-11-09 22:03:49.818584 bis 2025-11-09 22:04:49.681438
[MOVEMENT] Input X: 32 Detections
[MOVEMENT] Input Y: 34 Detections

[MOVEMENT]   === Input X Detections (letzte 5) ===
[MOVEMENT]     ID=12694 | 22:04:42 |  0 Pers | Conf=  N/A | FREE
[MOVEMENT]     ID=12695 | 22:04:43 |  0 Pers | Conf=  N/A | FREE
[MOVEMENT]     ID=12696 | 22:04:43 |  0 Pers | Conf=  N/A | FREE
[MOVEMENT]     ID=12702 | 22:04:49 |  0 Pers | Conf=  N/A | FREE
[MOVEMENT]     ID=12703 | 22:04:49 |  0 Pers | Conf=  N/A | FREE

[MOVEMENT]   === Input Y Detections (letzte 5) ===
[MOVEMENT]     ID=12697 | 22:04:44 |  0 Pers | Conf=  N/A | FREE
[MOVEMENT]     ID=12698 | 22:04:44 |  0 Pers | Conf=  N/A | FREE
[MOVEMENT]     ID=12699 | 22:04:45 |  0 Pers | Conf=  N/A | FREE
[MOVEMENT]     ID=12700 | 22:04:45 |  0 Pers | Conf=  N/A | FREE
[MOVEMENT]     ID=12701 | 22:04:46 |  0 Pers | Conf=  N/A | FREE

[MOVEMENT] === SUCHE ENTRY-MUSTER (Y→X Sequenz) ===
[MOVEMENT]   Entry-Versuch 1: X=32, Y=34 verfügbar
[MOVEMENT]     Analysiere Y→X Sequenzen für Entry...
[MOVEMENT]     Keine Y-Anstiege gefunden
[MOVEMENT] Entry-Muster gefunden: 0

[MOVEMENT] === SUCHE EXIT-MUSTER (X→Y Sequenz) ===
[MOVEMENT]   Exit-Versuch 1: X=32, Y=34 verfügbar
[MOVEMENT]     Analysiere X→Y Sequenzen für Exit...
[MOVEMENT]     Keine X-Anstiege gefunden
[MOVEMENT] Exit-Muster gefunden: 0

[MOVEMENT] Gesamt gefunden: 0 Bewegung(en)
[ANALYZER] Keine Bewegungen erkannt

================================================================================
[ANALYZER] Zyklus #26 - 2025-11-09 22:05:19
================================================================================
[ANALYZER] Detections: 66 total
[ANALYZER]   Neu: 34
[ANALYZER]   Lookback (wiederverwendbar): 32
[ANALYZER]   Bereits in Muster: 0
[ANALYZER] Input X: 35 | Input Y: 31

[ANALYZER] Detections-Übersicht (erste 5):
  ID=12672 | 22:04:20 | input_x    |  0 Pers | Det-Conf=  N/A | PROC | FREE
  ID=12673 | 22:04:20 | input_x    |  0 Pers | Det-Conf=  N/A | PROC | FREE
  ID=12674 | 22:04:21 | input_x    |  0 Pers | Det-Conf=  N/A | PROC | FREE
  ID=12675 | 22:04:22 | input_x    |  0 Pers | Det-Conf=  N/A | PROC | FREE
  ID=12676 | 22:04:23 | input_x    |  0 Pers | Det-Conf=  N/A | PROC | FREE
  ... und 61 weitere

[ANALYZER] Starte Bewegungsanalyse...

[MOVEMENT] detect_movements() mit 66 Detections
[MOVEMENT] Verfügbare Detections: 66/66
[MOVEMENT] Zeitspanne: 2025-11-09 22:04:20.614146 bis 2025-11-09 22:05:19.362400
[MOVEMENT] Input X: 35 Detections
[MOVEMENT] Input Y: 31 Detections

[MOVEMENT]   === Input X Detections (letzte 5) ===
[MOVEMENT]     ID=12732 | 22:05:15 |  0 Pers | Conf=  N/A | FREE
[MOVEMENT]     ID=12733 | 22:05:16 |  0 Pers | Conf=  N/A | FREE
[MOVEMENT]     ID=12734 | 22:05:17 |  0 Pers | Conf=  N/A | FREE
[MOVEMENT]     ID=12735 | 22:05:17 |  0 Pers | Conf=  N/A | FREE
[MOVEMENT]     ID=12736 | 22:05:18 |  0 Pers | Conf=  N/A | FREE

[MOVEMENT]   === Input Y Detections (letzte 5) ===
[MOVEMENT]     ID=12728 | 22:05:11 |  0 Pers | Conf=  N/A | FREE
[MOVEMENT]     ID=12729 | 22:05:11 |  0 Pers | Conf=  N/A | FREE
[MOVEMENT]     ID=12730 | 22:05:12 |  0 Pers | Conf=  N/A | FREE
[MOVEMENT]     ID=12731 | 22:05:12 |  0 Pers | Conf=  N/A | FREE
[MOVEMENT]     ID=12737 | 22:05:19 |  0 Pers | Conf=  N/A | FREE

[MOVEMENT] === SUCHE ENTRY-MUSTER (Y→X Sequenz) ===
[MOVEMENT]   Entry-Versuch 1: X=35, Y=31 verfügbar
[MOVEMENT]     Analysiere Y→X Sequenzen für Entry...
[MOVEMENT]     Keine Y-Anstiege gefunden
[MOVEMENT] Entry-Muster gefunden: 0

[MOVEMENT] === SUCHE EXIT-MUSTER (X→Y Sequenz) ===
[MOVEMENT]   Exit-Versuch 1: X=35, Y=31 verfügbar
[MOVEMENT]     Analysiere X→Y Sequenzen für Exit...
[MOVEMENT]     Keine X-Anstiege gefunden
[MOVEMENT] Exit-Muster gefunden: 0

[MOVEMENT] Gesamt gefunden: 0 Bewegung(en)
[ANALYZER] Keine Bewegungen erkannt

================================================================================
[ANALYZER] Zyklus #27 - 2025-11-09 22:05:49
================================================================================
[ANALYZER] Detections: 68 total
[ANALYZER]   Neu: 34
[ANALYZER]   Lookback (wiederverwendbar): 34
[ANALYZER]   Bereits in Muster: 0
[ANALYZER] Input X: 33 | Input Y: 35

[ANALYZER] Detections-Übersicht (erste 5):
  ID=12704 | 22:04:50 | input_x    |  0 Pers | Det-Conf=  N/A | PROC | FREE
  ID=12705 | 22:04:51 | input_x    |  0 Pers | Det-Conf=  N/A | PROC | FREE
  ID=12706 | 22:04:51 | input_x    |  0 Pers | Det-Conf=  N/A | PROC | FREE
  ID=12707 | 22:04:52 | input_y    |  0 Pers | Det-Conf=  N/A | PROC | FREE
  ID=12708 | 22:04:53 | input_y    |  0 Pers | Det-Conf=  N/A | PROC | FREE
  ... und 63 weitere

[ANALYZER] Starte Bewegungsanalyse...

[MOVEMENT] detect_movements() mit 68 Detections
[MOVEMENT] Verfügbare Detections: 68/68
[MOVEMENT] Zeitspanne: 2025-11-09 22:04:50.449854 bis 2025-11-09 22:05:49.472055
[MOVEMENT] Input X: 33 Detections
[MOVEMENT] Input Y: 35 Detections

[MOVEMENT]   === Input X Detections (letzte 5) ===
[MOVEMENT]     ID=12762 | 22:05:43 |  0 Pers | Conf=  N/A | FREE
[MOVEMENT]     ID=12763 | 22:05:44 |  0 Pers | Conf=  N/A | FREE
[MOVEMENT]     ID=12764 | 22:05:45 |  0 Pers | Conf=  N/A | FREE
[MOVEMENT]     ID=12765 | 22:05:45 |  0 Pers | Conf=  N/A | FREE
[MOVEMENT]     ID=12766 | 22:05:46 |  0 Pers | Conf=  N/A | FREE

[MOVEMENT]   === Input Y Detections (letzte 5) ===
[MOVEMENT]     ID=12767 | 22:05:46 |  0 Pers | Conf=  N/A | FREE
[MOVEMENT]     ID=12768 | 22:05:47 |  0 Pers | Conf=  N/A | FREE
[MOVEMENT]     ID=12769 | 22:05:47 |  0 Pers | Conf=  N/A | FREE
[MOVEMENT]     ID=12770 | 22:05:48 |  0 Pers | Conf=  N/A | FREE
[MOVEMENT]     ID=12771 | 22:05:49 |  0 Pers | Conf=  N/A | FREE

[MOVEMENT] === SUCHE ENTRY-MUSTER (Y→X Sequenz) ===
[MOVEMENT]   Entry-Versuch 1: X=33, Y=35 verfügbar
[MOVEMENT]     Analysiere Y→X Sequenzen für Entry...
[MOVEMENT]     Keine Y-Anstiege gefunden
[MOVEMENT] Entry-Muster gefunden: 0

[MOVEMENT] === SUCHE EXIT-MUSTER (X→Y Sequenz) ===
[MOVEMENT]   Exit-Versuch 1: X=33, Y=35 verfügbar
[MOVEMENT]     Analysiere X→Y Sequenzen für Exit...
[MOVEMENT]     Keine X-Anstiege gefunden
[MOVEMENT] Exit-Muster gefunden: 0

[MOVEMENT] Gesamt gefunden: 0 Bewegung(en)
[ANALYZER] Keine Bewegungen erkannt

================================================================================
[ANALYZER] Zyklus #28 - 2025-11-09 22:06:19
================================================================================
[ANALYZER] Detections: 67 total
[ANALYZER]   Neu: 33
[ANALYZER]   Lookback (wiederverwendbar): 34
[ANALYZER]   Bereits in Muster: 0
[ANALYZER] Input X: 33 | Input Y: 34

[ANALYZER] Detections-Übersicht (erste 5):
  ID=12738 | 22:05:20 | input_y    |  0 Pers | Det-Conf=  N/A | PROC | FREE
  ID=12739 | 22:05:20 | input_y    |  0 Pers | Det-Conf=  N/A | PROC | FREE
  ID=12740 | 22:05:21 | input_y    |  0 Pers | Det-Conf=  N/A | PROC | FREE
  ID=12741 | 22:05:22 | input_y    |  0 Pers | Det-Conf=  N/A | PROC | FREE
  ID=12742 | 22:05:25 | input_x    |  0 Pers | Det-Conf=  N/A | PROC | FREE
  ... und 62 weitere

[ANALYZER] Starte Bewegungsanalyse...

[MOVEMENT] detect_movements() mit 67 Detections
[MOVEMENT] Verfügbare Detections: 67/67
[MOVEMENT] Zeitspanne: 2025-11-09 22:05:20.118293 bis 2025-11-09 22:06:19.497153
[MOVEMENT] Input X: 33 Detections
[MOVEMENT] Input Y: 34 Detections

[MOVEMENT]   === Input X Detections (letzte 5) ===
[MOVEMENT]     ID=12795 | 22:06:12 |  0 Pers | Conf=  N/A | FREE
[MOVEMENT]     ID=12796 | 22:06:12 |  0 Pers | Conf=  N/A | FREE
[MOVEMENT]     ID=12802 | 22:06:18 |  0 Pers | Conf=  N/A | FREE
[MOVEMENT]     ID=12803 | 22:06:19 |  0 Pers | Conf=  N/A | FREE
[MOVEMENT]     ID=12804 | 22:06:19 |  0 Pers | Conf=  N/A | FREE

[MOVEMENT]   === Input Y Detections (letzte 5) ===
[MOVEMENT]     ID=12797 | 22:06:13 |  0 Pers | Conf=  N/A | FREE
[MOVEMENT]     ID=12798 | 22:06:13 |  0 Pers | Conf=  N/A | FREE
[MOVEMENT]     ID=12799 | 22:06:14 |  0 Pers | Conf=  N/A | FREE
[MOVEMENT]     ID=12800 | 22:06:14 |  0 Pers | Conf=  N/A | FREE
[MOVEMENT]     ID=12801 | 22:06:15 |  0 Pers | Conf=  N/A | FREE

[MOVEMENT] === SUCHE ENTRY-MUSTER (Y→X Sequenz) ===
[MOVEMENT]   Entry-Versuch 1: X=33, Y=34 verfügbar
[MOVEMENT]     Analysiere Y→X Sequenzen für Entry...
[MOVEMENT]     Keine Y-Anstiege gefunden
[MOVEMENT] Entry-Muster gefunden: 0

[MOVEMENT] === SUCHE EXIT-MUSTER (X→Y Sequenz) ===
[MOVEMENT]   Exit-Versuch 1: X=33, Y=34 verfügbar
[MOVEMENT]     Analysiere X→Y Sequenzen für Exit...
[MOVEMENT]     Keine X-Anstiege gefunden
[MOVEMENT] Exit-Muster gefunden: 0

[MOVEMENT] Gesamt gefunden: 0 Bewegung(en)
[ANALYZER] Keine Bewegungen erkannt

================================================================================
[ANALYZER] Zyklus #29 - 2025-11-09 22:06:49
================================================================================
[ANALYZER] Detections: 70 total
[ANALYZER]   Neu: 37
[ANALYZER]   Lookback (wiederverwendbar): 33
[ANALYZER]   Bereits in Muster: 0
[ANALYZER] Input X: 35 | Input Y: 35

[ANALYZER] Detections-Übersicht (erste 5):
  ID=12772 | 22:05:52 | input_x    |  0 Pers | Det-Conf=  N/A | PROC | FREE
  ID=12773 | 22:05:53 | input_x    |  0 Pers | Det-Conf=  N/A | PROC | FREE
  ID=12774 | 22:05:54 | input_x    |  0 Pers | Det-Conf=  N/A | PROC | FREE
  ID=12775 | 22:05:54 | input_x    |  0 Pers | Det-Conf=  N/A | PROC | FREE
  ID=12776 | 22:05:55 | input_x    |  0 Pers | Det-Conf=  N/A | PROC | FREE
  ... und 65 weitere

[ANALYZER] Starte Bewegungsanalyse...

[MOVEMENT] detect_movements() mit 70 Detections
[MOVEMENT] Verfügbare Detections: 70/70
[MOVEMENT] Zeitspanne: 2025-11-09 22:05:52.728460 bis 2025-11-09 22:06:47.043522
[MOVEMENT] Input X: 35 Detections
[MOVEMENT] Input Y: 35 Detections

[MOVEMENT]   === Input X Detections (letzte 5) ===
[MOVEMENT]     ID=12832 | 22:06:41 |  0 Pers | Conf=  N/A | FREE
[MOVEMENT]     ID=12833 | 22:06:42 |  0 Pers | Conf=  N/A | FREE
[MOVEMENT]     ID=12834 | 22:06:43 |  0 Pers | Conf=  N/A | FREE
[MOVEMENT]     ID=12835 | 22:06:43 |  0 Pers | Conf=  N/A | FREE
[MOVEMENT]     ID=12836 | 22:06:44 |  0 Pers | Conf=  N/A | FREE

[MOVEMENT]   === Input Y Detections (letzte 5) ===
[MOVEMENT]     ID=12837 | 22:06:44 |  0 Pers | Conf=  N/A | FREE
[MOVEMENT]     ID=12838 | 22:06:45 |  0 Pers | Conf=  N/A | FREE
[MOVEMENT]     ID=12839 | 22:06:46 |  0 Pers | Conf=  N/A | FREE
[MOVEMENT]     ID=12840 | 22:06:46 |  0 Pers | Conf=  N/A | FREE
[MOVEMENT]     ID=12841 | 22:06:47 |  0 Pers | Conf=  N/A | FREE

[MOVEMENT] === SUCHE ENTRY-MUSTER (Y→X Sequenz) ===
[MOVEMENT]   Entry-Versuch 1: X=35, Y=35 verfügbar
[MOVEMENT]     Analysiere Y→X Sequenzen für Entry...
[MOVEMENT]     Keine Y-Anstiege gefunden
[MOVEMENT] Entry-Muster gefunden: 0

[MOVEMENT] === SUCHE EXIT-MUSTER (X→Y Sequenz) ===
[MOVEMENT]   Exit-Versuch 1: X=35, Y=35 verfügbar
[MOVEMENT]     Analysiere X→Y Sequenzen für Exit...
[MOVEMENT]     Keine X-Anstiege gefunden
[MOVEMENT] Exit-Muster gefunden: 0

[MOVEMENT] Gesamt gefunden: 0 Bewegung(en)
[ANALYZER] Keine Bewegungen erkannt

================================================================================
[ANALYZER] Zyklus #30 - 2025-11-09 22:07:19
================================================================================
[ANALYZER] Detections: 77 total
[ANALYZER]   Neu: 40
[ANALYZER]   Lookback (wiederverwendbar): 37
[ANALYZER]   Bereits in Muster: 0
[ANALYZER] Input X: 37 | Input Y: 40

[ANALYZER] Detections-Übersicht (erste 5):
  ID=12805 | 22:06:20 | input_x    |  0 Pers | Det-Conf=  N/A | PROC | FREE
  ID=12806 | 22:06:21 | input_x    |  0 Pers | Det-Conf=  N/A | PROC | FREE
  ID=12807 | 22:06:21 | input_y    |  0 Pers | Det-Conf=  N/A | PROC | FREE
  ID=12808 | 22:06:22 | input_y    |  0 Pers | Det-Conf=  N/A | PROC | FREE
  ID=12809 | 22:06:22 | input_y    |  0 Pers | Det-Conf=  N/A | PROC | FREE
  ... und 72 weitere

[ANALYZER] Starte Bewegungsanalyse...

[MOVEMENT] detect_movements() mit 77 Detections
[MOVEMENT] Verfügbare Detections: 77/77
[MOVEMENT] Zeitspanne: 2025-11-09 22:06:20.251843 bis 2025-11-09 22:07:18.707449
[MOVEMENT] Input X: 37 Detections
[MOVEMENT] Input Y: 40 Detections

[MOVEMENT]   === Input X Detections (letzte 5) ===
[MOVEMENT]     ID=12872 | 22:07:12 |  0 Pers | Conf=  N/A | FREE
[MOVEMENT]     ID=12873 | 22:07:13 |  0 Pers | Conf=  N/A | FREE
[MOVEMENT]     ID=12874 | 22:07:14 |  0 Pers | Conf=  N/A | FREE
[MOVEMENT]     ID=12875 | 22:07:15 |  0 Pers | Conf=  N/A | FREE
[MOVEMENT]     ID=12876 | 22:07:15 |  0 Pers | Conf=  N/A | FREE

[MOVEMENT]   === Input Y Detections (letzte 5) ===
[MOVEMENT]     ID=12877 | 22:07:16 |  0 Pers | Conf=  N/A | FREE
[MOVEMENT]     ID=12878 | 22:07:16 |  0 Pers | Conf=  N/A | FREE
[MOVEMENT]     ID=12879 | 22:07:17 |  0 Pers | Conf=  N/A | FREE
[MOVEMENT]     ID=12880 | 22:07:18 |  0 Pers | Conf=  N/A | FREE
[MOVEMENT]     ID=12881 | 22:07:18 |  0 Pers | Conf=  N/A | FREE

[MOVEMENT] === SUCHE ENTRY-MUSTER (Y→X Sequenz) ===
[MOVEMENT]   Entry-Versuch 1: X=37, Y=40 verfügbar
[MOVEMENT]     Analysiere Y→X Sequenzen für Entry...
[MOVEMENT]     Keine Y-Anstiege gefunden
[MOVEMENT] Entry-Muster gefunden: 0

[MOVEMENT] === SUCHE EXIT-MUSTER (X→Y Sequenz) ===
[MOVEMENT]   Exit-Versuch 1: X=37, Y=40 verfügbar
[MOVEMENT]     Analysiere X→Y Sequenzen für Exit...
[MOVEMENT]     Keine X-Anstiege gefunden
[MOVEMENT] Exit-Muster gefunden: 0

[MOVEMENT] Gesamt gefunden: 0 Bewegung(en)
[ANALYZER] Keine Bewegungen erkannt

================================================================================
[ANALYZER] Zyklus #31 - 2025-11-09 22:07:49
================================================================================
[ANALYZER] Detections: 77 total
[ANALYZER]   Neu: 37
[ANALYZER]   Lookback (wiederverwendbar): 40
[ANALYZER]   Bereits in Muster: 0
[ANALYZER] Input X: 40 | Input Y: 37

[ANALYZER] Detections-Übersicht (erste 5):
  ID=12842 | 22:06:49 | input_x    |  0 Pers | Det-Conf=  N/A | PROC | FREE
  ID=12843 | 22:06:50 | input_x    |  0 Pers | Det-Conf=  N/A | PROC | FREE
  ID=12844 | 22:06:51 | input_x    |  0 Pers | Det-Conf=  N/A | PROC | FREE
  ID=12845 | 22:06:51 | input_x    |  0 Pers | Det-Conf=  N/A | PROC | FREE
  ID=12846 | 22:06:52 | input_x    |  0 Pers | Det-Conf=  N/A | PROC | FREE
  ... und 72 weitere

[ANALYZER] Starte Bewegungsanalyse...

[MOVEMENT] detect_movements() mit 77 Detections
[MOVEMENT] Verfügbare Detections: 77/77
[MOVEMENT] Zeitspanne: 2025-11-09 22:06:49.829979 bis 2025-11-09 22:07:49.598739
[MOVEMENT] Input X: 40 Detections
[MOVEMENT] Input Y: 37 Detections

[MOVEMENT]   === Input X Detections (letzte 5) ===
[MOVEMENT]     ID=12912 | 22:07:45 |  0 Pers | Conf=  N/A | FREE
[MOVEMENT]     ID=12913 | 22:07:45 |  0 Pers | Conf=  N/A | FREE
[MOVEMENT]     ID=12914 | 22:07:46 |  0 Pers | Conf=  N/A | FREE
[MOVEMENT]     ID=12915 | 22:07:47 |  0 Pers | Conf=  N/A | FREE
[MOVEMENT]     ID=12916 | 22:07:48 |  0 Pers | Conf=  N/A | FREE

[MOVEMENT]   === Input Y Detections (letzte 5) ===
[MOVEMENT]     ID=12909 | 22:07:40 |  0 Pers | Conf=  N/A | FREE
[MOVEMENT]     ID=12910 | 22:07:41 |  1 Pers | Conf=0.904 | FREE
[MOVEMENT]     ID=12911 | 22:07:42 |  1 Pers | Conf=0.931 | FREE
[MOVEMENT]     ID=12917 | 22:07:48 |  1 Pers | Conf=0.930 | FREE
[MOVEMENT]     ID=12918 | 22:07:49 |  0 Pers | Conf=  N/A | FREE

[MOVEMENT] === SUCHE ENTRY-MUSTER (Y→X Sequenz) ===
[MOVEMENT]   Entry-Versuch 1: X=40, Y=37 verfügbar
[MOVEMENT]     Analysiere Y→X Sequenzen für Entry...
[MOVEMENT]     1 Y-Anstiege gefunden
[MOVEMENT]     Prüfe Y-Anstieg: +1 um 22:07:41
[MOVEMENT]     Keine Personen in X NACH Y-Anstieg
[MOVEMENT]     Kein gültiges Entry-Muster gefunden
[MOVEMENT] Entry-Muster gefunden: 0

[MOVEMENT] === SUCHE EXIT-MUSTER (X→Y Sequenz) ===
[MOVEMENT]   Exit-Versuch 1: X=40, Y=37 verfügbar
[MOVEMENT]     Analysiere X→Y Sequenzen für Exit...
[MOVEMENT]     1 X-Anstiege gefunden
[MOVEMENT]     Prüfe X-Anstieg: +1 um 22:07:29
[MOVEMENT]     ✓ Y-Aktivität NACH X: Durchschnitt 0.2 Personen
[MOVEMENT]     Pattern Confidence: 0.54
[MOVEMENT]   Exit erkannt: 1 Person(en), Conf=0.54
[MOVEMENT]   Exit-Versuch 2: X=36, Y=25 verfügbar
[MOVEMENT]     Analysiere X→Y Sequenzen für Exit...
[MOVEMENT]     1 X-Anstiege gefunden
[MOVEMENT]     Prüfe X-Anstieg: +1 um 22:07:30
[MOVEMENT]     Keine Y-Aktivität NACH X-Anstieg im Zeitfenster
[MOVEMENT]     Kein gültiges Exit-Muster gefunden
[MOVEMENT] Exit-Muster gefunden: 1

[MOVEMENT] Gesamt gefunden: 1 Bewegung(en)

[ANALYZER] 1 Bewegung(en) verarbeiten:

  [1] EXIT
      Personen: 1
      Pattern Confidence: 0.54
      Muster: X→Y: X increase +1 @ 22:07:29, then Y avg 0.2
      Verwendete IDs: X=[12886, 12892, 12893, 12894], Y=[12897, 12898, 12899, 12900, 12901, 12907, 12908, 12909, 12910, 12911, 12917, 12918]
      Gespeichert: Movement ID=126
[ROOM] EXIT: 20 -> 19 (-1, Conf=0.54)

[ANALYZER] Markiere 16 Detections als in Muster verwendet
[ANALYZER] 77 Detections als verarbeitet markiert

================================================================================
[ROOM] AKTUELLER ZUSTAND: 19 Personen im Raum
================================================================================

================================================================================
[ANALYZER] Zyklus #32 - 2025-11-09 22:08:19
================================================================================
[ANALYZER] Detections: 58 total
[ANALYZER]   Neu: 37
[ANALYZER]   Lookback (wiederverwendbar): 21
[ANALYZER]   Bereits in Muster: 0
[ANALYZER] Input X: 35 | Input Y: 23

[ANALYZER] Detections-Übersicht (erste 5):
  ID=12882 | 22:07:21 | input_x    |  0 Pers | Det-Conf=  N/A | PROC | FREE
  ID=12883 | 22:07:22 | input_x    |  0 Pers | Det-Conf=  N/A | PROC | FREE
  ID=12884 | 22:07:22 | input_x    |  0 Pers | Det-Conf=  N/A | PROC | FREE
  ID=12885 | 22:07:23 | input_x    |  0 Pers | Det-Conf=  N/A | PROC | FREE
  ID=12887 | 22:07:24 | input_y    |  0 Pers | Det-Conf=  N/A | PROC | FREE
  ... und 53 weitere

[ANALYZER] Starte Bewegungsanalyse...

[MOVEMENT] detect_movements() mit 58 Detections
[MOVEMENT] Verfügbare Detections: 58/58
[MOVEMENT] Zeitspanne: 2025-11-09 22:07:21.464863 bis 2025-11-09 22:08:19.235140
[MOVEMENT] Input X: 35 Detections
[MOVEMENT] Input Y: 23 Detections

[MOVEMENT]   === Input X Detections (letzte 5) ===
[MOVEMENT]     ID=12946 | 22:08:11 |  0 Pers | Conf=  N/A | FREE
[MOVEMENT]     ID=12952 | 22:08:16 |  0 Pers | Conf=  N/A | FREE
[MOVEMENT]     ID=12953 | 22:08:17 |  0 Pers | Conf=  N/A | FREE
[MOVEMENT]     ID=12954 | 22:08:18 |  0 Pers | Conf=  N/A | FREE
[MOVEMENT]     ID=12955 | 22:08:19 |  0 Pers | Conf=  N/A | FREE

[MOVEMENT]   === Input Y Detections (letzte 5) ===
[MOVEMENT]     ID=12947 | 22:08:12 |  0 Pers | Conf=  N/A | FREE
[MOVEMENT]     ID=12948 | 22:08:12 |  0 Pers | Conf=  N/A | FREE
[MOVEMENT]     ID=12949 | 22:08:13 |  0 Pers | Conf=  N/A | FREE
[MOVEMENT]     ID=12950 | 22:08:13 |  0 Pers | Conf=  N/A | FREE
[MOVEMENT]     ID=12951 | 22:08:14 |  0 Pers | Conf=  N/A | FREE

[MOVEMENT] === SUCHE ENTRY-MUSTER (Y→X Sequenz) ===
[MOVEMENT]   Entry-Versuch 1: X=35, Y=23 verfügbar
[MOVEMENT]     Analysiere Y→X Sequenzen für Entry...
[MOVEMENT]     Keine Y-Anstiege gefunden
[MOVEMENT] Entry-Muster gefunden: 0

[MOVEMENT] === SUCHE EXIT-MUSTER (X→Y Sequenz) ===
[MOVEMENT]   Exit-Versuch 1: X=35, Y=23 verfügbar
[MOVEMENT]     Analysiere X→Y Sequenzen für Exit...
[MOVEMENT]     1 X-Anstiege gefunden
[MOVEMENT]     Prüfe X-Anstieg: +1 um 22:07:30
[MOVEMENT]     Keine Personen in Y NACH X-Anstieg
[MOVEMENT]     Kein gültiges Exit-Muster gefunden
[MOVEMENT] Exit-Muster gefunden: 0

[MOVEMENT] Gesamt gefunden: 0 Bewegung(en)
[ANALYZER] Keine Bewegungen erkannt

================================================================================
[ANALYZER] Zyklus #33 - 2025-11-09 22:08:49
================================================================================
[ANALYZER] Detections: 73 total
[ANALYZER]   Neu: 36
[ANALYZER]   Lookback (wiederverwendbar): 37
[ANALYZER]   Bereits in Muster: 0
[ANALYZER] Input X: 35 | Input Y: 38

[ANALYZER] Detections-Übersicht (erste 5):
  ID=12919 | 22:07:50 | input_y    |  0 Pers | Det-Conf=  N/A | PROC | FREE
  ID=12920 | 22:07:50 | input_y    |  0 Pers | Det-Conf=  N/A | PROC | FREE
  ID=12921 | 22:07:51 | input_y    |  0 Pers | Det-Conf=  N/A | PROC | FREE
  ID=12922 | 22:07:53 | input_x    |  0 Pers | Det-Conf=  N/A | PROC | FREE
  ID=12923 | 22:07:54 | input_x    |  0 Pers | Det-Conf=  N/A | PROC | FREE
  ... und 68 weitere

[ANALYZER] Starte Bewegungsanalyse...

[MOVEMENT] detect_movements() mit 73 Detections
[MOVEMENT] Verfügbare Detections: 73/73
[MOVEMENT] Zeitspanne: 2025-11-09 22:07:50.350082 bis 2025-11-09 22:08:48.323636
[MOVEMENT] Input X: 35 Detections
[MOVEMENT] Input Y: 38 Detections

[MOVEMENT]   === Input X Detections (letzte 5) ===
[MOVEMENT]     ID=12982 | 22:08:42 |  0 Pers | Conf=  N/A | FREE
[MOVEMENT]     ID=12983 | 22:08:43 |  0 Pers | Conf=  N/A | FREE
[MOVEMENT]     ID=12984 | 22:08:44 |  0 Pers | Conf=  N/A | FREE
[MOVEMENT]     ID=12985 | 22:08:44 |  0 Pers | Conf=  N/A | FREE
[MOVEMENT]     ID=12986 | 22:08:45 |  0 Pers | Conf=  N/A | FREE

[MOVEMENT]   === Input Y Detections (letzte 5) ===
[MOVEMENT]     ID=12987 | 22:08:45 |  0 Pers | Conf=  N/A | FREE
[MOVEMENT]     ID=12988 | 22:08:46 |  0 Pers | Conf=  N/A | FREE
[MOVEMENT]     ID=12989 | 22:08:46 |  0 Pers | Conf=  N/A | FREE
[MOVEMENT]     ID=12990 | 22:08:47 |  0 Pers | Conf=  N/A | FREE
[MOVEMENT]     ID=12991 | 22:08:48 |  0 Pers | Conf=  N/A | FREE

[MOVEMENT] === SUCHE ENTRY-MUSTER (Y→X Sequenz) ===
[MOVEMENT]   Entry-Versuch 1: X=35, Y=38 verfügbar
[MOVEMENT]     Analysiere Y→X Sequenzen für Entry...
[MOVEMENT]     Keine Y-Anstiege gefunden
[MOVEMENT] Entry-Muster gefunden: 0

[MOVEMENT] === SUCHE EXIT-MUSTER (X→Y Sequenz) ===
[MOVEMENT]   Exit-Versuch 1: X=35, Y=38 verfügbar
[MOVEMENT]     Analysiere X→Y Sequenzen für Exit...
[MOVEMENT]     Keine X-Anstiege gefunden
[MOVEMENT] Exit-Muster gefunden: 0

[MOVEMENT] Gesamt gefunden: 0 Bewegung(en)
[ANALYZER] Keine Bewegungen erkannt

================================================================================
[ANALYZER] Zyklus #34 - 2025-11-09 22:09:19
================================================================================
[ANALYZER] Detections: 75 total
[ANALYZER]   Neu: 39
[ANALYZER]   Lookback (wiederverwendbar): 36
[ANALYZER]   Bereits in Muster: 0
[ANALYZER] Input X: 36 | Input Y: 39

[ANALYZER] Detections-Übersicht (erste 5):
  ID=12956 | 22:08:19 | input_x    |  0 Pers | Det-Conf=  N/A | PROC | FREE
  ID=12957 | 22:08:20 | input_y    |  0 Pers | Det-Conf=  N/A | PROC | FREE
  ID=12958 | 22:08:20 | input_y    |  0 Pers | Det-Conf=  N/A | PROC | FREE
  ID=12959 | 22:08:21 | input_y    |  0 Pers | Det-Conf=  N/A | PROC | FREE
  ID=12960 | 22:08:21 | input_y    |  0 Pers | Det-Conf=  N/A | PROC | FREE
  ... und 70 weitere

[ANALYZER] Starte Bewegungsanalyse...

[MOVEMENT] detect_movements() mit 75 Detections
[MOVEMENT] Verfügbare Detections: 75/75
[MOVEMENT] Zeitspanne: 2025-11-09 22:08:19.982441 bis 2025-11-09 22:09:19.749060
[MOVEMENT] Input X: 36 Detections
[MOVEMENT] Input Y: 39 Detections

[MOVEMENT]   === Input X Detections (letzte 5) ===
[MOVEMENT]     ID=13022 | 22:09:15 |  0 Pers | Conf=  N/A | FREE
[MOVEMENT]     ID=13023 | 22:09:15 |  0 Pers | Conf=  N/A | FREE
[MOVEMENT]     ID=13024 | 22:09:16 |  0 Pers | Conf=  N/A | FREE
[MOVEMENT]     ID=13025 | 22:09:16 |  0 Pers | Conf=  N/A | FREE
[MOVEMENT]     ID=13026 | 22:09:17 |  0 Pers | Conf=  N/A | FREE

[MOVEMENT]   === Input Y Detections (letzte 5) ===
[MOVEMENT]     ID=13021 | 22:09:12 |  0 Pers | Conf=  N/A | FREE
[MOVEMENT]     ID=13027 | 22:09:17 |  0 Pers | Conf=  N/A | FREE
[MOVEMENT]     ID=13028 | 22:09:18 |  0 Pers | Conf=  N/A | FREE
[MOVEMENT]     ID=13029 | 22:09:19 |  0 Pers | Conf=  N/A | FREE
[MOVEMENT]     ID=13030 | 22:09:19 |  0 Pers | Conf=  N/A | FREE

[MOVEMENT] === SUCHE ENTRY-MUSTER (Y→X Sequenz) ===
[MOVEMENT]   Entry-Versuch 1: X=36, Y=39 verfügbar
[MOVEMENT]     Analysiere Y→X Sequenzen für Entry...
[MOVEMENT]     Keine Y-Anstiege gefunden
[MOVEMENT] Entry-Muster gefunden: 0

[MOVEMENT] === SUCHE EXIT-MUSTER (X→Y Sequenz) ===
[MOVEMENT]   Exit-Versuch 1: X=36, Y=39 verfügbar
[MOVEMENT]     Analysiere X→Y Sequenzen für Exit...
[MOVEMENT]     Keine X-Anstiege gefunden
[MOVEMENT] Exit-Muster gefunden: 0

[MOVEMENT] Gesamt gefunden: 0 Bewegung(en)
[ANALYZER] Keine Bewegungen erkannt

================================================================================
[ANALYZER] Zyklus #35 - 2025-11-09 22:09:49
================================================================================
[ANALYZER] Detections: 70 total
[ANALYZER]   Neu: 31
[ANALYZER]   Lookback (wiederverwendbar): 39
[ANALYZER]   Bereits in Muster: 0
[ANALYZER] Input X: 35 | Input Y: 35

[ANALYZER] Detections-Übersicht (erste 5):
  ID=12992 | 22:08:50 | input_x    |  0 Pers | Det-Conf=  N/A | PROC | FREE
  ID=12993 | 22:08:51 | input_x    |  0 Pers | Det-Conf=  N/A | PROC | FREE
  ID=12994 | 22:08:52 | input_x    |  0 Pers | Det-Conf=  N/A | PROC | FREE
  ID=12995 | 22:08:52 | input_x    |  0 Pers | Det-Conf=  N/A | PROC | FREE
  ID=12996 | 22:08:53 | input_x    |  0 Pers | Det-Conf=  N/A | PROC | FREE
  ... und 65 weitere

[ANALYZER] Starte Bewegungsanalyse...

[MOVEMENT] detect_movements() mit 70 Detections
[MOVEMENT] Verfügbare Detections: 70/70
[MOVEMENT] Zeitspanne: 2025-11-09 22:08:50.577372 bis 2025-11-09 22:09:47.668974
[MOVEMENT] Input X: 35 Detections
[MOVEMENT] Input Y: 35 Detections

[MOVEMENT]   === Input X Detections (letzte 5) ===
[MOVEMENT]     ID=13052 | 22:09:39 |  0 Pers | Conf=  N/A | FREE
[MOVEMENT]     ID=13053 | 22:09:41 |  0 Pers | Conf=  N/A | FREE
[MOVEMENT]     ID=13054 | 22:09:43 |  0 Pers | Conf=  N/A | FREE
[MOVEMENT]     ID=13055 | 22:09:43 |  0 Pers | Conf=  N/A | FREE
[MOVEMENT]     ID=13056 | 22:09:44 |  0 Pers | Conf=  N/A | FREE

[MOVEMENT]   === Input Y Detections (letzte 5) ===
[MOVEMENT]     ID=13057 | 22:09:44 |  0 Pers | Conf=  N/A | FREE
[MOVEMENT]     ID=13058 | 22:09:45 |  0 Pers | Conf=  N/A | FREE
[MOVEMENT]     ID=13059 | 22:09:46 |  0 Pers | Conf=  N/A | FREE
[MOVEMENT]     ID=13060 | 22:09:46 |  0 Pers | Conf=  N/A | FREE
[MOVEMENT]     ID=13061 | 22:09:47 |  0 Pers | Conf=  N/A | FREE

[MOVEMENT] === SUCHE ENTRY-MUSTER (Y→X Sequenz) ===
[MOVEMENT]   Entry-Versuch 1: X=35, Y=35 verfügbar
[MOVEMENT]     Analysiere Y→X Sequenzen für Entry...
[MOVEMENT]     Keine Y-Anstiege gefunden
[MOVEMENT] Entry-Muster gefunden: 0

[MOVEMENT] === SUCHE EXIT-MUSTER (X→Y Sequenz) ===
[MOVEMENT]   Exit-Versuch 1: X=35, Y=35 verfügbar
[MOVEMENT]     Analysiere X→Y Sequenzen für Exit...
[MOVEMENT]     Keine X-Anstiege gefunden
[MOVEMENT] Exit-Muster gefunden: 0

[MOVEMENT] Gesamt gefunden: 0 Bewegung(en)
[ANALYZER] Keine Bewegungen erkannt

================================================================================
[ANALYZER] Zyklus #36 - 2025-11-09 22:10:19
================================================================================
[ANALYZER] Detections: 69 total
[ANALYZER]   Neu: 38
[ANALYZER]   Lookback (wiederverwendbar): 31
[ANALYZER]   Bereits in Muster: 0
[ANALYZER] Input X: 35 | Input Y: 34

[ANALYZER] Detections-Übersicht (erste 5):
  ID=13031 | 22:09:20 | input_y    |  0 Pers | Det-Conf=  N/A | PROC | FREE
  ID=13032 | 22:09:22 | input_x    |  0 Pers | Det-Conf=  N/A | PROC | FREE
  ID=13033 | 22:09:23 | input_x    |  0 Pers | Det-Conf=  N/A | PROC | FREE
  ID=13034 | 22:09:24 | input_x    |  0 Pers | Det-Conf=  N/A | PROC | FREE
  ID=13035 | 22:09:24 | input_x    |  0 Pers | Det-Conf=  N/A | PROC | FREE
  ... und 64 weitere

[ANALYZER] Starte Bewegungsanalyse...

[MOVEMENT] detect_movements() mit 69 Detections
[MOVEMENT] Verfügbare Detections: 69/69
[MOVEMENT] Zeitspanne: 2025-11-09 22:09:20.495646 bis 2025-11-09 22:10:19.413612
[MOVEMENT] Input X: 35 Detections
[MOVEMENT] Input Y: 34 Detections

[MOVEMENT]   === Input X Detections (letzte 5) ===
[MOVEMENT]     ID=13092 | 22:10:15 |  0 Pers | Conf=  N/A | FREE
[MOVEMENT]     ID=13093 | 22:10:15 |  0 Pers | Conf=  N/A | FREE
[MOVEMENT]     ID=13094 | 22:10:16 |  0 Pers | Conf=  N/A | FREE
[MOVEMENT]     ID=13095 | 22:10:16 |  0 Pers | Conf=  N/A | FREE
[MOVEMENT]     ID=13096 | 22:10:17 |  0 Pers | Conf=  N/A | FREE

[MOVEMENT]   === Input Y Detections (letzte 5) ===
[MOVEMENT]     ID=13090 | 22:10:12 |  0 Pers | Conf=  N/A | FREE
[MOVEMENT]     ID=13091 | 22:10:12 |  0 Pers | Conf=  N/A | FREE
[MOVEMENT]     ID=13097 | 22:10:17 |  0 Pers | Conf=  N/A | FREE
[MOVEMENT]     ID=13098 | 22:10:18 |  0 Pers | Conf=  N/A | FREE
[MOVEMENT]     ID=13099 | 22:10:19 |  0 Pers | Conf=  N/A | FREE

[MOVEMENT] === SUCHE ENTRY-MUSTER (Y→X Sequenz) ===
[MOVEMENT]   Entry-Versuch 1: X=35, Y=34 verfügbar
[MOVEMENT]     Analysiere Y→X Sequenzen für Entry...
[MOVEMENT]     1 Y-Anstiege gefunden
[MOVEMENT]     Prüfe Y-Anstieg: +1 um 22:09:53
[MOVEMENT]     ✓ X-Aktivität NACH Y: Durchschnitt 0.1 Personen
[MOVEMENT]     Pattern Confidence: 0.52
[MOVEMENT]   Entry erkannt: 1 Person(en), Conf=0.52
[MOVEMENT]   Entry-Versuch 2: X=25, Y=30 verfügbar
[MOVEMENT]     Analysiere Y→X Sequenzen für Entry...
[MOVEMENT]     Keine Y-Anstiege gefunden
[MOVEMENT] Entry-Muster gefunden: 1

[MOVEMENT] === SUCHE EXIT-MUSTER (X→Y Sequenz) ===
[MOVEMENT]   Exit-Versuch 1: X=25, Y=30 verfügbar
[MOVEMENT]     Analysiere X→Y Sequenzen für Exit...
[MOVEMENT]     1 X-Anstiege gefunden
[MOVEMENT]     Prüfe X-Anstieg: +1 um 22:09:50
[MOVEMENT]     Keine Personen in Y NACH X-Anstieg
[MOVEMENT]     Kein gültiges Exit-Muster gefunden
[MOVEMENT] Exit-Muster gefunden: 0

[MOVEMENT] Gesamt gefunden: 1 Bewegung(en)

[ANALYZER] 1 Bewegung(en) verarbeiten:

  [1] ENTRY
      Personen: 1
      Pattern Confidence: 0.52
      Muster: Y→X: Y increase +1 @ 22:09:53, then X avg 0.1
      Verwendete IDs: X=[13072, 13073, 13074, 13075, 13076, 13082, 13083, 13084, 13085, 13086], Y=[13060, 13061, 13067, 13068]
      Gespeichert: Movement ID=127
[ROOM] ENTRY: 19 -> 20 (+1, Conf=0.52)

[ANALYZER] Markiere 14 Detections als in Muster verwendet
[ANALYZER] 69 Detections als verarbeitet markiert

================================================================================
[ROOM] AKTUELLER ZUSTAND: 20 Personen im Raum
================================================================================

================================================================================
[ANALYZER] Zyklus #37 - 2025-11-09 22:10:49
================================================================================
[ANALYZER] Detections: 62 total
[ANALYZER]   Neu: 36
[ANALYZER]   Lookback (wiederverwendbar): 26
[ANALYZER]   Bereits in Muster: 0
[ANALYZER] Input X: 29 | Input Y: 33

[ANALYZER] Detections-Übersicht (erste 5):
  ID=13062 | 22:09:49 | input_x    |  0 Pers | Det-Conf=  N/A | PROC | FREE
  ID=13063 | 22:09:50 | input_x    |  1 Pers | Det-Conf=0.914 | PROC | FREE
  ID=13064 | 22:09:51 | input_x    |  1 Pers | Det-Conf=0.914 | PROC | FREE
  ID=13065 | 22:09:52 | input_x    |  1 Pers | Det-Conf=0.907 | PROC | FREE
  ID=13066 | 22:09:52 | input_x    |  1 Pers | Det-Conf=0.912 | PROC | FREE
  ... und 57 weitere

[ANALYZER] Starte Bewegungsanalyse...

[MOVEMENT] detect_movements() mit 62 Detections
[MOVEMENT] Verfügbare Detections: 62/62
[MOVEMENT] Zeitspanne: 2025-11-09 22:09:49.928130 bis 2025-11-09 22:10:49.669310
[MOVEMENT] Input X: 29 Detections
[MOVEMENT] Input Y: 33 Detections

[MOVEMENT]   === Input X Detections (letzte 5) ===
[MOVEMENT]     ID=13126 | 22:10:41 |  0 Pers | Conf=  N/A | FREE
[MOVEMENT]     ID=13132 | 22:10:47 |  0 Pers | Conf=  N/A | FREE
[MOVEMENT]     ID=13133 | 22:10:48 |  0 Pers | Conf=  N/A | FREE
[MOVEMENT]     ID=13134 | 22:10:48 |  0 Pers | Conf=  N/A | FREE
[MOVEMENT]     ID=13135 | 22:10:49 |  0 Pers | Conf=  N/A | FREE

[MOVEMENT]   === Input Y Detections (letzte 5) ===
[MOVEMENT]     ID=13127 | 22:10:42 |  0 Pers | Conf=  N/A | FREE
[MOVEMENT]     ID=13128 | 22:10:43 |  0 Pers | Conf=  N/A | FREE
[MOVEMENT]     ID=13129 | 22:10:44 |  0 Pers | Conf=  N/A | FREE
[MOVEMENT]     ID=13130 | 22:10:44 |  0 Pers | Conf=  N/A | FREE
[MOVEMENT]     ID=13131 | 22:10:45 |  0 Pers | Conf=  N/A | FREE

[MOVEMENT] === SUCHE ENTRY-MUSTER (Y→X Sequenz) ===
[MOVEMENT]   Entry-Versuch 1: X=29, Y=33 verfügbar
[MOVEMENT]     Analysiere Y→X Sequenzen für Entry...
[MOVEMENT]     Keine Y-Anstiege gefunden
[MOVEMENT] Entry-Muster gefunden: 0

[MOVEMENT] === SUCHE EXIT-MUSTER (X→Y Sequenz) ===
[MOVEMENT]   Exit-Versuch 1: X=29, Y=33 verfügbar
[MOVEMENT]     Analysiere X→Y Sequenzen für Exit...
[MOVEMENT]     1 X-Anstiege gefunden
[MOVEMENT]     Prüfe X-Anstieg: +1 um 22:09:50
[MOVEMENT]     Keine Personen in Y NACH X-Anstieg
[MOVEMENT]     Kein gültiges Exit-Muster gefunden
[MOVEMENT] Exit-Muster gefunden: 0

[MOVEMENT] Gesamt gefunden: 0 Bewegung(en)
[ANALYZER] Keine Bewegungen erkannt

================================================================================
[ANALYZER] Zyklus #38 - 2025-11-09 22:11:19
================================================================================
[ANALYZER] Detections: 72 total
[ANALYZER]   Neu: 36
[ANALYZER]   Lookback (wiederverwendbar): 36
[ANALYZER]   Bereits in Muster: 0
[ANALYZER] Input X: 35 | Input Y: 37

[ANALYZER] Detections-Übersicht (erste 5):
  ID=13100 | 22:10:20 | input_y    |  0 Pers | Det-Conf=  N/A | PROC | FREE
  ID=13101 | 22:10:20 | input_y    |  0 Pers | Det-Conf=  N/A | PROC | FREE
  ID=13102 | 22:10:23 | input_x    |  0 Pers | Det-Conf=  N/A | PROC | FREE
  ID=13103 | 22:10:23 | input_x    |  0 Pers | Det-Conf=  N/A | PROC | FREE
  ID=13104 | 22:10:24 | input_x    |  0 Pers | Det-Conf=  N/A | PROC | FREE
  ... und 67 weitere

[ANALYZER] Starte Bewegungsanalyse...

[MOVEMENT] detect_movements() mit 72 Detections
[MOVEMENT] Verfügbare Detections: 72/72
[MOVEMENT] Zeitspanne: 2025-11-09 22:10:20.167835 bis 2025-11-09 22:11:18.453238
[MOVEMENT] Input X: 35 Detections
[MOVEMENT] Input Y: 37 Detections

[MOVEMENT]   === Input X Detections (letzte 5) ===
[MOVEMENT]     ID=13162 | 22:11:12 |  0 Pers | Conf=  N/A | FREE
[MOVEMENT]     ID=13163 | 22:11:13 |  0 Pers | Conf=  N/A | FREE
[MOVEMENT]     ID=13164 | 22:11:13 |  0 Pers | Conf=  N/A | FREE
[MOVEMENT]     ID=13165 | 22:11:14 |  0 Pers | Conf=  N/A | FREE
[MOVEMENT]     ID=13166 | 22:11:15 |  0 Pers | Conf=  N/A | FREE

[MOVEMENT]   === Input Y Detections (letzte 5) ===
[MOVEMENT]     ID=13167 | 22:11:15 |  0 Pers | Conf=  N/A | FREE
[MOVEMENT]     ID=13168 | 22:11:16 |  0 Pers | Conf=  N/A | FREE
[MOVEMENT]     ID=13169 | 22:11:16 |  0 Pers | Conf=  N/A | FREE
[MOVEMENT]     ID=13170 | 22:11:17 |  0 Pers | Conf=  N/A | FREE
[MOVEMENT]     ID=13171 | 22:11:18 |  0 Pers | Conf=  N/A | FREE

[MOVEMENT] === SUCHE ENTRY-MUSTER (Y→X Sequenz) ===
[MOVEMENT]   Entry-Versuch 1: X=35, Y=37 verfügbar
[MOVEMENT]     Analysiere Y→X Sequenzen für Entry...
[MOVEMENT]     Keine Y-Anstiege gefunden
[MOVEMENT] Entry-Muster gefunden: 0

[MOVEMENT] === SUCHE EXIT-MUSTER (X→Y Sequenz) ===
[MOVEMENT]   Exit-Versuch 1: X=35, Y=37 verfügbar
[MOVEMENT]     Analysiere X→Y Sequenzen für Exit...
[MOVEMENT]     Keine X-Anstiege gefunden
[MOVEMENT] Exit-Muster gefunden: 0

[MOVEMENT] Gesamt gefunden: 0 Bewegung(en)
[ANALYZER] Keine Bewegungen erkannt

================================================================================
[ANALYZER] Zyklus #39 - 2025-11-09 22:11:49
================================================================================
[ANALYZER] Detections: 75 total
[ANALYZER]   Neu: 39
[ANALYZER]   Lookback (wiederverwendbar): 36
[ANALYZER]   Bereits in Muster: 0
[ANALYZER] Input X: 36 | Input Y: 39

[ANALYZER] Detections-Übersicht (erste 5):
  ID=13136 | 22:10:50 | input_x    |  0 Pers | Det-Conf=  N/A | PROC | FREE
  ID=13137 | 22:10:50 | input_y    |  0 Pers | Det-Conf=  N/A | PROC | FREE
  ID=13138 | 22:10:51 | input_y    |  0 Pers | Det-Conf=  N/A | PROC | FREE
  ID=13139 | 22:10:52 | input_y    |  0 Pers | Det-Conf=  N/A | PROC | FREE
  ID=13140 | 22:10:52 | input_y    |  0 Pers | Det-Conf=  N/A | PROC | FREE
  ... und 70 weitere

[ANALYZER] Starte Bewegungsanalyse...

[MOVEMENT] detect_movements() mit 75 Detections
[MOVEMENT] Verfügbare Detections: 75/75
[MOVEMENT] Zeitspanne: 2025-11-09 22:10:50.428438 bis 2025-11-09 22:11:49.434607
[MOVEMENT] Input X: 36 Detections
[MOVEMENT] Input Y: 39 Detections

[MOVEMENT]   === Input X Detections (letzte 5) ===
[MOVEMENT]     ID=13202 | 22:11:44 |  0 Pers | Conf=  N/A | FREE
[MOVEMENT]     ID=13203 | 22:11:45 |  0 Pers | Conf=  N/A | FREE
[MOVEMENT]     ID=13204 | 22:11:45 |  0 Pers | Conf=  N/A | FREE
[MOVEMENT]     ID=13205 | 22:11:46 |  0 Pers | Conf=  N/A | FREE
[MOVEMENT]     ID=13206 | 22:11:47 |  0 Pers | Conf=  N/A | FREE

[MOVEMENT]   === Input Y Detections (letzte 5) ===
[MOVEMENT]     ID=13201 | 22:11:42 |  0 Pers | Conf=  N/A | FREE
[MOVEMENT]     ID=13207 | 22:11:47 |  0 Pers | Conf=  N/A | FREE
[MOVEMENT]     ID=13208 | 22:11:48 |  0 Pers | Conf=  N/A | FREE
[MOVEMENT]     ID=13209 | 22:11:49 |  0 Pers | Conf=  N/A | FREE
[MOVEMENT]     ID=13210 | 22:11:49 |  0 Pers | Conf=  N/A | FREE

[MOVEMENT] === SUCHE ENTRY-MUSTER (Y→X Sequenz) ===
[MOVEMENT]   Entry-Versuch 1: X=36, Y=39 verfügbar
[MOVEMENT]     Analysiere Y→X Sequenzen für Entry...
[MOVEMENT]     Keine Y-Anstiege gefunden
[MOVEMENT] Entry-Muster gefunden: 0

[MOVEMENT] === SUCHE EXIT-MUSTER (X→Y Sequenz) ===
[MOVEMENT]   Exit-Versuch 1: X=36, Y=39 verfügbar
[MOVEMENT]     Analysiere X→Y Sequenzen für Exit...
[MOVEMENT]     Keine X-Anstiege gefunden
[MOVEMENT] Exit-Muster gefunden: 0

[MOVEMENT] Gesamt gefunden: 0 Bewegung(en)
[ANALYZER] Keine Bewegungen erkannt

================================================================================
[ANALYZER] Zyklus #40 - 2025-11-09 22:12:19
================================================================================
[ANALYZER] Detections: 76 total
[ANALYZER]   Neu: 37
[ANALYZER]   Lookback (wiederverwendbar): 39
[ANALYZER]   Bereits in Muster: 0
[ANALYZER] Input X: 40 | Input Y: 36

[ANALYZER] Detections-Übersicht (erste 5):
  ID=13172 | 22:11:20 | input_x    |  0 Pers | Det-Conf=  N/A | PROC | FREE
  ID=13173 | 22:11:21 | input_x    |  0 Pers | Det-Conf=  N/A | PROC | FREE
  ID=13174 | 22:11:22 | input_x    |  0 Pers | Det-Conf=  N/A | PROC | FREE
  ID=13175 | 22:11:22 | input_x    |  0 Pers | Det-Conf=  N/A | PROC | FREE
  ID=13176 | 22:11:23 | input_x    |  0 Pers | Det-Conf=  N/A | PROC | FREE
  ... und 71 weitere

[ANALYZER] Starte Bewegungsanalyse...

[MOVEMENT] detect_movements() mit 76 Detections
[MOVEMENT] Verfügbare Detections: 76/76
[MOVEMENT] Zeitspanne: 2025-11-09 22:11:20.712579 bis 2025-11-09 22:12:19.401033
[MOVEMENT] Input X: 40 Detections
[MOVEMENT] Input Y: 36 Detections

[MOVEMENT]   === Input X Detections (letzte 5) ===
[MOVEMENT]     ID=13242 | 22:12:16 |  0 Pers | Conf=  N/A | FREE
[MOVEMENT]     ID=13243 | 22:12:16 |  0 Pers | Conf=  N/A | FREE
[MOVEMENT]     ID=13244 | 22:12:17 |  0 Pers | Conf=  N/A | FREE
[MOVEMENT]     ID=13245 | 22:12:18 |  0 Pers | Conf=  N/A | FREE
[MOVEMENT]     ID=13246 | 22:12:18 |  0 Pers | Conf=  N/A | FREE

[MOVEMENT]   === Input Y Detections (letzte 5) ===
[MOVEMENT]     ID=13238 | 22:12:12 |  0 Pers | Conf=  N/A | FREE
[MOVEMENT]     ID=13239 | 22:12:12 |  0 Pers | Conf=  N/A | FREE
[MOVEMENT]     ID=13240 | 22:12:13 |  0 Pers | Conf=  N/A | FREE
[MOVEMENT]     ID=13241 | 22:12:13 |  0 Pers | Conf=  N/A | FREE
[MOVEMENT]     ID=13247 | 22:12:19 |  0 Pers | Conf=  N/A | FREE

[MOVEMENT] === SUCHE ENTRY-MUSTER (Y→X Sequenz) ===
[MOVEMENT]   Entry-Versuch 1: X=40, Y=36 verfügbar
[MOVEMENT]     Analysiere Y→X Sequenzen für Entry...
[MOVEMENT]     Keine Y-Anstiege gefunden
[MOVEMENT] Entry-Muster gefunden: 0

[MOVEMENT] === SUCHE EXIT-MUSTER (X→Y Sequenz) ===
[MOVEMENT]   Exit-Versuch 1: X=40, Y=36 verfügbar
[MOVEMENT]     Analysiere X→Y Sequenzen für Exit...
[MOVEMENT]     Keine X-Anstiege gefunden
[MOVEMENT] Exit-Muster gefunden: 0

[MOVEMENT] Gesamt gefunden: 0 Bewegung(en)
[ANALYZER] Keine Bewegungen erkannt

================================================================================
[ANALYZER] Zyklus #41 - 2025-11-09 22:12:49
================================================================================
[ANALYZER] Detections: 56 total
[ANALYZER]   Neu: 19
[ANALYZER]   Lookback (wiederverwendbar): 37
[ANALYZER]   Bereits in Muster: 0
[ANALYZER] Input X: 30 | Input Y: 26

[ANALYZER] Detections-Übersicht (erste 5):
  ID=13211 | 22:11:50 | input_y    |  0 Pers | Det-Conf=  N/A | PROC | FREE
  ID=13212 | 22:11:52 | input_x    |  0 Pers | Det-Conf=  N/A | PROC | FREE
  ID=13213 | 22:11:53 | input_x    |  0 Pers | Det-Conf=  N/A | PROC | FREE
  ID=13214 | 22:11:53 | input_x    |  0 Pers | Det-Conf=  N/A | PROC | FREE
  ID=13215 | 22:11:54 | input_x    |  0 Pers | Det-Conf=  N/A | PROC | FREE
  ... und 51 weitere

[ANALYZER] Starte Bewegungsanalyse...

[MOVEMENT] detect_movements() mit 56 Detections
[MOVEMENT] Verfügbare Detections: 56/56
[MOVEMENT] Zeitspanne: 2025-11-09 22:11:50.189675 bis 2025-11-09 22:12:35.299816
[MOVEMENT] Input X: 30 Detections
[MOVEMENT] Input Y: 26 Detections

[MOVEMENT]   === Input X Detections (letzte 5) ===
[MOVEMENT]     ID=13262 | 22:12:32 |  0 Pers | Conf=  N/A | FREE
[MOVEMENT]     ID=13263 | 22:12:33 |  0 Pers | Conf=  N/A | FREE
[MOVEMENT]     ID=13264 | 22:12:33 |  0 Pers | Conf=  N/A | FREE
[MOVEMENT]     ID=13265 | 22:12:34 |  0 Pers | Conf=  N/A | FREE
[MOVEMENT]     ID=13266 | 22:12:35 |  0 Pers | Conf=  N/A | FREE

[MOVEMENT]   === Input Y Detections (letzte 5) ===
[MOVEMENT]     ID=13257 | 22:12:27 |  0 Pers | Conf=  N/A | FREE
[MOVEMENT]     ID=13258 | 22:12:28 |  0 Pers | Conf=  N/A | FREE
[MOVEMENT]     ID=13259 | 22:12:29 |  0 Pers | Conf=  N/A | FREE
[MOVEMENT]     ID=13260 | 22:12:29 |  0 Pers | Conf=  N/A | FREE
[MOVEMENT]     ID=13261 | 22:12:30 |  0 Pers | Conf=  N/A | FREE

[MOVEMENT] === SUCHE ENTRY-MUSTER (Y→X Sequenz) ===
[MOVEMENT]   Entry-Versuch 1: X=30, Y=26 verfügbar
[MOVEMENT]     Analysiere Y→X Sequenzen für Entry...
[MOVEMENT]     Keine Y-Anstiege gefunden
[MOVEMENT] Entry-Muster gefunden: 0

[MOVEMENT] === SUCHE EXIT-MUSTER (X→Y Sequenz) ===
[MOVEMENT]   Exit-Versuch 1: X=30, Y=26 verfügbar
[MOVEMENT]     Analysiere X→Y Sequenzen für Exit...
[MOVEMENT]     Keine X-Anstiege gefunden
[MOVEMENT] Exit-Muster gefunden: 0

[MOVEMENT] Gesamt gefunden: 0 Bewegung(en)
[ANALYZER] Keine Bewegungen erkannt

================================================================================
[ANALYZER] Zyklus #42 - 2025-11-09 22:13:19
================================================================================
[ANALYZER] Detections: 19 total
[ANALYZER]   Neu: 0
[ANALYZER]   Lookback (wiederverwendbar): 19
[ANALYZER]   Bereits in Muster: 0
[ANALYZER] Input X: 10 | Input Y: 9

[ANALYZER] Detections-Übersicht (erste 5):
  ID=13248 | 22:12:20 | input_y    |  0 Pers | Det-Conf=  N/A | PROC | FREE
  ID=13249 | 22:12:20 | input_y    |  0 Pers | Det-Conf=  N/A | PROC | FREE
  ID=13250 | 22:12:21 | input_y    |  0 Pers | Det-Conf=  N/A | PROC | FREE
  ID=13251 | 22:12:21 | input_y    |  0 Pers | Det-Conf=  N/A | PROC | FREE
  ID=13252 | 22:12:24 | input_x    |  0 Pers | Det-Conf=  N/A | PROC | FREE
  ... und 14 weitere

[ANALYZER] Starte Bewegungsanalyse...

[MOVEMENT] detect_movements() mit 19 Detections
[MOVEMENT] Verfügbare Detections: 19/19
[MOVEMENT] Zeitspanne: 2025-11-09 22:12:20.155027 bis 2025-11-09 22:12:35.299816
[MOVEMENT] Input X: 10 Detections
[MOVEMENT] Input Y: 9 Detections

[MOVEMENT]   === Input X Detections (letzte 5) ===
[MOVEMENT]     ID=13262 | 22:12:32 |  0 Pers | Conf=  N/A | FREE
[MOVEMENT]     ID=13263 | 22:12:33 |  0 Pers | Conf=  N/A | FREE
[MOVEMENT]     ID=13264 | 22:12:33 |  0 Pers | Conf=  N/A | FREE
[MOVEMENT]     ID=13265 | 22:12:34 |  0 Pers | Conf=  N/A | FREE
[MOVEMENT]     ID=13266 | 22:12:35 |  0 Pers | Conf=  N/A | FREE

[MOVEMENT]   === Input Y Detections (letzte 5) ===
[MOVEMENT]     ID=13257 | 22:12:27 |  0 Pers | Conf=  N/A | FREE
[MOVEMENT]     ID=13258 | 22:12:28 |  0 Pers | Conf=  N/A | FREE
[MOVEMENT]     ID=13259 | 22:12:29 |  0 Pers | Conf=  N/A | FREE
[MOVEMENT]     ID=13260 | 22:12:29 |  0 Pers | Conf=  N/A | FREE
[MOVEMENT]     ID=13261 | 22:12:30 |  0 Pers | Conf=  N/A | FREE

[MOVEMENT] === SUCHE ENTRY-MUSTER (Y→X Sequenz) ===
[MOVEMENT]   Entry-Versuch 1: X=10, Y=9 verfügbar
[MOVEMENT]     Analysiere Y→X Sequenzen für Entry...
[MOVEMENT]     Keine Y-Anstiege gefunden
[MOVEMENT] Entry-Muster gefunden: 0

[MOVEMENT] === SUCHE EXIT-MUSTER (X→Y Sequenz) ===
[MOVEMENT]   Exit-Versuch 1: X=10, Y=9 verfügbar
[MOVEMENT]     Analysiere X→Y Sequenzen für Exit...
[MOVEMENT]     Keine X-Anstiege gefunden
[MOVEMENT] Exit-Muster gefunden: 0

[MOVEMENT] Gesamt gefunden: 0 Bewegung(en)
[ANALYZER] Keine Bewegungen erkannt

================================================================================
[ANALYZER] Zyklus #43 - 2025-11-09 22:13:49
================================================================================
[ANALYZER] Keine Detections verfügbar

================================================================================
[ANALYZER] Zyklus #44 - 2025-11-09 22:14:19
================================================================================
[ANALYZER] Keine Detections verfügbar

================================================================================
[ANALYZER] Zyklus #45 - 2025-11-09 22:14:49
================================================================================
[ANALYZER] Keine Detections verfügbar

================================================================================
[ANALYZER] Zyklus #46 - 2025-11-09 22:15:19
================================================================================
[ANALYZER] Keine Detections verfügbar

================================================================================
[ANALYZER] Zyklus #47 - 2025-11-09 22:15:49
================================================================================
[ANALYZER] Keine Detections verfügbar

================================================================================
[ANALYZER] Zyklus #48 - 2025-11-09 22:16:19
================================================================================
[ANALYZER] Keine Detections verfügbar

================================================================================
[ANALYZER] Zyklus #49 - 2025-11-09 22:16:49
================================================================================
[ANALYZER] Keine Detections verfügbar

================================================================================
[ANALYZER] Zyklus #50 - 2025-11-09 22:17:19
================================================================================
[ANALYZER] Keine Detections verfügbar

================================================================================
[ANALYZER] Zyklus #51 - 2025-11-09 22:17:49
================================================================================
[ANALYZER] Keine Detections verfügbar

================================================================================
[ANALYZER] Zyklus #52 - 2025-11-09 22:18:19
================================================================================
[ANALYZER] Keine Detections verfügbar

================================================================================
[ANALYZER] Zyklus #53 - 2025-11-09 22:18:49
================================================================================
[ANALYZER] Keine Detections verfügbar

================================================================================
[ANALYZER] Zyklus #54 - 2025-11-09 22:19:19
================================================================================
[ANALYZER] Keine Detections verfügbar

================================================================================
[ANALYZER] Zyklus #55 - 2025-11-09 22:19:49
================================================================================
[ANALYZER] Keine Detections verfügbar

================================================================================
[ANALYZER] Zyklus #56 - 2025-11-09 22:20:19
================================================================================
[ANALYZER] Keine Detections verfügbar

================================================================================
[ANALYZER] Zyklus #57 - 2025-11-09 22:20:49
================================================================================
[ANALYZER] Keine Detections verfügbar

================================================================================
[ANALYZER] Zyklus #58 - 2025-11-09 22:21:19
================================================================================
[ANALYZER] Keine Detections verfügbar

================================================================================
[ANALYZER] Zyklus #59 - 2025-11-09 22:21:49
================================================================================
[ANALYZER] Keine Detections verfügbar

================================================================================
[ANALYZER] Zyklus #60 - 2025-11-09 22:22:19
================================================================================
[ANALYZER] Keine Detections verfügbar

================================================================================
[ANALYZER] Zyklus #61 - 2025-11-09 22:22:49
================================================================================
[ANALYZER] Keine Detections verfügbar

================================================================================
[ANALYZER] Zyklus #62 - 2025-11-09 22:23:19
================================================================================
[ANALYZER] Keine Detections verfügbar

================================================================================
[ANALYZER] Zyklus #63 - 2025-11-09 22:23:49
================================================================================
[ANALYZER] Keine Detections verfügbar

================================================================================
[ANALYZER] Zyklus #64 - 2025-11-09 22:24:19
================================================================================
[ANALYZER] Keine Detections verfügbar

================================================================================
[ANALYZER] Zyklus #65 - 2025-11-09 22:24:49
================================================================================
[ANALYZER] Keine Detections verfügbar

================================================================================
[ANALYZER] Zyklus #66 - 2025-11-09 22:25:19
================================================================================
[ANALYZER] Keine Detections verfügbar

================================================================================
[ANALYZER] Zyklus #67 - 2025-11-09 22:25:50
================================================================================
[ANALYZER] Keine Detections verfügbar

================================================================================
[ANALYZER] Zyklus #68 - 2025-11-09 22:26:20
================================================================================
[ANALYZER] Keine Detections verfügbar

================================================================================
[ANALYZER] Zyklus #69 - 2025-11-09 22:26:50
================================================================================
[ANALYZER] Keine Detections verfügbar

================================================================================
[ANALYZER] Zyklus #70 - 2025-11-09 22:27:20
================================================================================
[ANALYZER] Keine Detections verfügbar

================================================================================
[ANALYZER] Zyklus #71 - 2025-11-09 22:27:50
================================================================================
[ANALYZER] Keine Detections verfügbar

================================================================================
[ANALYZER] Zyklus #72 - 2025-11-09 22:28:20
================================================================================
[ANALYZER] Keine Detections verfügbar

================================================================================
[ANALYZER] Zyklus #73 - 2025-11-09 22:28:50
================================================================================
[ANALYZER] Keine Detections verfügbar

================================================================================
[ANALYZER] Zyklus #74 - 2025-11-09 22:29:20
================================================================================
[ANALYZER] Keine Detections verfügbar

================================================================================
[ANALYZER] Zyklus #75 - 2025-11-09 22:29:50
================================================================================
[ANALYZER] Keine Detections verfügbar

================================================================================
[ANALYZER] Zyklus #76 - 2025-11-09 22:30:20
================================================================================
[ANALYZER] Keine Detections verfügbar

================================================================================
[ANALYZER] Zyklus #77 - 2025-11-09 22:30:50
================================================================================
[ANALYZER] Keine Detections verfügbar

================================================================================
[ANALYZER] Zyklus #78 - 2025-11-09 22:31:20
================================================================================
[ANALYZER] Keine Detections verfügbar

================================================================================
[ANALYZER] Zyklus #79 - 2025-11-09 22:31:50
================================================================================
[ANALYZER] Keine Detections verfügbar

================================================================================
[ANALYZER] Zyklus #80 - 2025-11-09 22:32:20
================================================================================
[ANALYZER] Keine Detections verfügbar

================================================================================
[ANALYZER] Zyklus #81 - 2025-11-09 22:32:50
================================================================================
[ANALYZER] Keine Detections verfügbar

================================================================================
[ANALYZER] Zyklus #82 - 2025-11-09 22:33:20
================================================================================
[ANALYZER] Keine Detections verfügbar

================================================================================
[ANALYZER] Zyklus #83 - 2025-11-09 22:33:50
================================================================================
[ANALYZER] Keine Detections verfügbar

================================================================================
[ANALYZER] Zyklus #84 - 2025-11-09 22:34:20
================================================================================
[ANALYZER] Keine Detections verfügbar

================================================================================
[ANALYZER] Zyklus #85 - 2025-11-09 22:34:50
================================================================================
[ANALYZER] Keine Detections verfügbar

================================================================================
[ANALYZER] Zyklus #86 - 2025-11-09 22:35:20
================================================================================
[ANALYZER] Keine Detections verfügbar

================================================================================
[ANALYZER] Zyklus #87 - 2025-11-09 22:35:50
================================================================================
[ANALYZER] Keine Detections verfügbar

================================================================================
[ANALYZER] Zyklus #88 - 2025-11-09 22:36:20
================================================================================
[ANALYZER] Keine Detections verfügbar

================================================================================
[ANALYZER] Zyklus #89 - 2025-11-09 22:36:50
================================================================================
[ANALYZER] Keine Detections verfügbar

================================================================================
[ANALYZER] Zyklus #90 - 2025-11-09 22:37:20
================================================================================
[ANALYZER] Keine Detections verfügbar

================================================================================
[ANALYZER] Zyklus #91 - 2025-11-09 22:37:50
================================================================================
[ANALYZER] Keine Detections verfügbar

================================================================================
[ANALYZER] Zyklus #92 - 2025-11-09 22:38:20
================================================================================
[ANALYZER] Keine Detections verfügbar

================================================================================
[ANALYZER] Zyklus #93 - 2025-11-09 22:38:50
================================================================================
[ANALYZER] Keine Detections verfügbar

================================================================================
[ANALYZER] Zyklus #94 - 2025-11-09 22:39:20
================================================================================
[ANALYZER] Keine Detections verfügbar

================================================================================
[ANALYZER] Zyklus #95 - 2025-11-09 22:39:50
================================================================================
[ANALYZER] Keine Detections verfügbar

================================================================================
[ANALYZER] Zyklus #96 - 2025-11-09 22:40:20
================================================================================
[ANALYZER] Keine Detections verfügbar

================================================================================
[ANALYZER] Zyklus #97 - 2025-11-09 22:40:50
================================================================================
[ANALYZER] Keine Detections verfügbar

================================================================================
[ANALYZER] Zyklus #98 - 2025-11-09 22:41:20
================================================================================
[ANALYZER] Keine Detections verfügbar

================================================================================
[ANALYZER] Zyklus #99 - 2025-11-09 22:41:50
================================================================================
[ANALYZER] Keine Detections verfügbar

================================================================================
[ANALYZER] Zyklus #100 - 2025-11-09 22:42:20
================================================================================
[ANALYZER] Keine Detections verfügbar

================================================================================
[ANALYZER] Zyklus #101 - 2025-11-09 22:42:50
================================================================================
[ANALYZER] Keine Detections verfügbar

================================================================================
[ANALYZER] Zyklus #102 - 2025-11-09 22:43:20
================================================================================
[ANALYZER] Keine Detections verfügbar

================================================================================
[ANALYZER] Zyklus #103 - 2025-11-09 22:43:50
================================================================================
[ANALYZER] Keine Detections verfügbar

================================================================================
[ANALYZER] Zyklus #104 - 2025-11-09 22:44:20
================================================================================
[ANALYZER] Keine Detections verfügbar

================================================================================
[ANALYZER] Zyklus #105 - 2025-11-09 22:44:50
================================================================================
[ANALYZER] Keine Detections verfügbar

================================================================================
[ANALYZER] Zyklus #106 - 2025-11-09 22:45:20
================================================================================
[ANALYZER] Keine Detections verfügbar

================================================================================
[ANALYZER] Zyklus #107 - 2025-11-09 22:45:50
================================================================================
[ANALYZER] Keine Detections verfügbar

================================================================================
[ANALYZER] Zyklus #108 - 2025-11-09 22:46:20
================================================================================
[ANALYZER] Keine Detections verfügbar

================================================================================
[ANALYZER] Zyklus #109 - 2025-11-09 22:46:50
================================================================================
[ANALYZER] Keine Detections verfügbar

================================================================================
[ANALYZER] Zyklus #110 - 2025-11-09 22:47:20
================================================================================
[ANALYZER] Keine Detections verfügbar

================================================================================
[ANALYZER] Zyklus #111 - 2025-11-09 22:47:50
================================================================================
[ANALYZER] Keine Detections verfügbar

================================================================================
[ANALYZER] Zyklus #112 - 2025-11-09 22:48:20
================================================================================
[ANALYZER] Keine Detections verfügbar

================================================================================
[ANALYZER] Zyklus #113 - 2025-11-09 22:48:50
================================================================================
[ANALYZER] Keine Detections verfügbar

================================================================================
[ANALYZER] Zyklus #114 - 2025-11-09 22:49:20
================================================================================
[ANALYZER] Keine Detections verfügbar

================================================================================
[ANALYZER] Zyklus #115 - 2025-11-09 22:49:50
================================================================================
[ANALYZER] Keine Detections verfügbar

================================================================================
[ANALYZER] Zyklus #116 - 2025-11-09 22:50:20
================================================================================
[ANALYZER] Keine Detections verfügbar

================================================================================
[ANALYZER] Zyklus #117 - 2025-11-09 22:50:50
================================================================================
[ANALYZER] Keine Detections verfügbar

================================================================================
[ANALYZER] Zyklus #118 - 2025-11-09 22:51:20
================================================================================
[ANALYZER] Keine Detections verfügbar

================================================================================
[ANALYZER] Zyklus #119 - 2025-11-09 22:51:50
================================================================================
[ANALYZER] Keine Detections verfügbar

================================================================================
[ANALYZER] Zyklus #120 - 2025-11-09 22:52:20
================================================================================
[ANALYZER] Keine Detections verfügbar

================================================================================
[ANALYZER] Zyklus #121 - 2025-11-09 22:52:50
================================================================================
[ANALYZER] Keine Detections verfügbar

================================================================================
[ANALYZER] Zyklus #122 - 2025-11-09 22:53:20
================================================================================
[ANALYZER] Keine Detections verfügbar

================================================================================
[ANALYZER] Zyklus #123 - 2025-11-09 22:53:50
================================================================================
[ANALYZER] Keine Detections verfügbar

================================================================================
[ANALYZER] Zyklus #124 - 2025-11-09 22:54:20
================================================================================
[ANALYZER] Keine Detections verfügbar

================================================================================
[ANALYZER] Zyklus #125 - 2025-11-09 22:54:50
================================================================================
[ANALYZER] Keine Detections verfügbar

================================================================================
[ANALYZER] Zyklus #126 - 2025-11-09 22:55:20
================================================================================
[ANALYZER] Keine Detections verfügbar

================================================================================
[ANALYZER] Zyklus #127 - 2025-11-09 22:55:50
================================================================================
[ANALYZER] Keine Detections verfügbar

================================================================================
[ANALYZER] Zyklus #128 - 2025-11-09 22:56:20
================================================================================
[ANALYZER] Keine Detections verfügbar

================================================================================
[ANALYZER] Zyklus #129 - 2025-11-09 22:56:50
================================================================================
[ANALYZER] Keine Detections verfügbar

================================================================================
[ANALYZER] Zyklus #130 - 2025-11-09 22:57:20
================================================================================
[ANALYZER] Keine Detections verfügbar

================================================================================
[ANALYZER] Zyklus #131 - 2025-11-09 22:57:50
================================================================================
[ANALYZER] Keine Detections verfügbar

================================================================================
[ANALYZER] Zyklus #132 - 2025-11-09 22:58:20
================================================================================
[ANALYZER] Keine Detections verfügbar

================================================================================
[ANALYZER] Zyklus #133 - 2025-11-09 22:58:50
================================================================================
[ANALYZER] Keine Detections verfügbar

================================================================================
[ANALYZER] Zyklus #134 - 2025-11-09 22:59:20
================================================================================
[ANALYZER] Keine Detections verfügbar

================================================================================
[ANALYZER] Zyklus #135 - 2025-11-09 22:59:50
================================================================================
[ANALYZER] Keine Detections verfügbar

================================================================================
[ANALYZER] Zyklus #136 - 2025-11-09 23:00:20
================================================================================
[ANALYZER] Keine Detections verfügbar

================================================================================
[ANALYZER] Zyklus #137 - 2025-11-09 23:00:50
================================================================================
[ANALYZER] Keine Detections verfügbar

================================================================================
[ANALYZER] Zyklus #138 - 2025-11-09 23:01:20
================================================================================
[ANALYZER] Keine Detections verfügbar

================================================================================
[ANALYZER] Zyklus #139 - 2025-11-09 23:01:50
================================================================================
[ANALYZER] Keine Detections verfügbar

================================================================================
[ANALYZER] Zyklus #140 - 2025-11-09 23:02:20
================================================================================
[ANALYZER] Keine Detections verfügbar

================================================================================
[ANALYZER] Zyklus #141 - 2025-11-09 23:02:50
================================================================================
[ANALYZER] Keine Detections verfügbar

================================================================================
[ANALYZER] Zyklus #142 - 2025-11-09 23:03:20
================================================================================
[ANALYZER] Keine Detections verfügbar

================================================================================
[ANALYZER] Zyklus #143 - 2025-11-09 23:03:50
================================================================================
[ANALYZER] Keine Detections verfügbar

================================================================================
[ANALYZER] Zyklus #144 - 2025-11-09 23:04:20
================================================================================
[ANALYZER] Keine Detections verfügbar

================================================================================
[ANALYZER] Zyklus #145 - 2025-11-09 23:04:50
================================================================================
[ANALYZER] Keine Detections verfügbar

================================================================================
[ANALYZER] Zyklus #146 - 2025-11-09 23:05:20
================================================================================
[ANALYZER] Keine Detections verfügbar

================================================================================
[ANALYZER] Zyklus #147 - 2025-11-09 23:05:50
================================================================================
[ANALYZER] Keine Detections verfügbar

================================================================================
[ANALYZER] Zyklus #148 - 2025-11-09 23:06:20
================================================================================
[ANALYZER] Keine Detections verfügbar

================================================================================
[ANALYZER] Zyklus #149 - 2025-11-09 23:06:50
================================================================================
[ANALYZER] Keine Detections verfügbar

================================================================================
[ANALYZER] Zyklus #150 - 2025-11-09 23:07:20
================================================================================
[ANALYZER] Keine Detections verfügbar

================================================================================
[ANALYZER] Zyklus #151 - 2025-11-09 23:07:50
================================================================================
[ANALYZER] Keine Detections verfügbar

================================================================================
[ANALYZER] Zyklus #152 - 2025-11-09 23:08:20
================================================================================
[ANALYZER] Keine Detections verfügbar

================================================================================
[ANALYZER] Zyklus #153 - 2025-11-09 23:08:50
================================================================================
[ANALYZER] Keine Detections verfügbar

================================================================================
[ANALYZER] Zyklus #154 - 2025-11-09 23:09:20
================================================================================
[ANALYZER] Keine Detections verfügbar

================================================================================
[ANALYZER] Zyklus #155 - 2025-11-09 23:09:50
================================================================================
[ANALYZER] Keine Detections verfügbar

================================================================================
[ANALYZER] Zyklus #156 - 2025-11-09 23:10:20
================================================================================
[ANALYZER] Keine Detections verfügbar

================================================================================
[ANALYZER] Zyklus #157 - 2025-11-09 23:10:50
================================================================================
[ANALYZER] Keine Detections verfügbar

================================================================================
[ANALYZER] Zyklus #158 - 2025-11-09 23:11:20
================================================================================
[ANALYZER] Keine Detections verfügbar

================================================================================
[ANALYZER] Zyklus #159 - 2025-11-09 23:11:50
================================================================================
[ANALYZER] Keine Detections verfügbar

================================================================================
[ANALYZER] Zyklus #160 - 2025-11-09 23:12:20
================================================================================
[ANALYZER] Keine Detections verfügbar

================================================================================
[ANALYZER] Zyklus #161 - 2025-11-09 23:12:50
================================================================================
[ANALYZER] Keine Detections verfügbar

================================================================================
[ANALYZER] Zyklus #162 - 2025-11-09 23:13:20
================================================================================
[ANALYZER] Keine Detections verfügbar

================================================================================
[ANALYZER] Zyklus #163 - 2025-11-09 23:13:50
================================================================================
[ANALYZER] Keine Detections verfügbar

================================================================================
[ANALYZER] Zyklus #164 - 2025-11-09 23:14:20
================================================================================
[ANALYZER] Keine Detections verfügbar

================================================================================
[ANALYZER] Zyklus #165 - 2025-11-09 23:14:50
================================================================================
[ANALYZER] Keine Detections verfügbar

================================================================================
[ANALYZER] Zyklus #166 - 2025-11-09 23:15:20
================================================================================
[ANALYZER] Keine Detections verfügbar

================================================================================
[ANALYZER] Zyklus #167 - 2025-11-09 23:15:50
================================================================================
[ANALYZER] Keine Detections verfügbar

================================================================================
[ANALYZER] Zyklus #168 - 2025-11-09 23:16:20
================================================================================
[ANALYZER] Keine Detections verfügbar

================================================================================
[ANALYZER] Zyklus #169 - 2025-11-09 23:16:50
================================================================================
[ANALYZER] Keine Detections verfügbar

================================================================================
[ANALYZER] Zyklus #170 - 2025-11-09 23:17:20
================================================================================
[ANALYZER] Keine Detections verfügbar

================================================================================
[ANALYZER] Zyklus #171 - 2025-11-09 23:17:50
================================================================================
[ANALYZER] Keine Detections verfügbar

================================================================================
[ANALYZER] Zyklus #172 - 2025-11-09 23:18:20
================================================================================
[ANALYZER] Keine Detections verfügbar

================================================================================
[ANALYZER] Zyklus #173 - 2025-11-09 23:18:50
================================================================================
[ANALYZER] Keine Detections verfügbar

================================================================================
[ANALYZER] Zyklus #174 - 2025-11-09 23:19:20
================================================================================
[ANALYZER] Keine Detections verfügbar

================================================================================
[ANALYZER] Zyklus #175 - 2025-11-09 23:19:50
================================================================================
[ANALYZER] Keine Detections verfügbar

================================================================================
[ANALYZER] Zyklus #176 - 2025-11-09 23:20:20
================================================================================
[ANALYZER] Keine Detections verfügbar

================================================================================
[ANALYZER] Zyklus #177 - 2025-11-09 23:20:50
================================================================================
[ANALYZER] Keine Detections verfügbar

================================================================================
[ANALYZER] Zyklus #178 - 2025-11-09 23:21:20
================================================================================
[ANALYZER] Keine Detections verfügbar

================================================================================
[ANALYZER] Zyklus #179 - 2025-11-09 23:21:50
================================================================================
[ANALYZER] Keine Detections verfügbar

================================================================================
[ANALYZER] Zyklus #180 - 2025-11-09 23:22:20
================================================================================
[ANALYZER] Keine Detections verfügbar

================================================================================
[ANALYZER] Zyklus #181 - 2025-11-09 23:22:50
================================================================================
[ANALYZER] Keine Detections verfügbar

================================================================================
[ANALYZER] Zyklus #182 - 2025-11-09 23:23:20
================================================================================
[ANALYZER] Keine Detections verfügbar

================================================================================
[ANALYZER] Zyklus #183 - 2025-11-09 23:23:50
================================================================================
[ANALYZER] Keine Detections verfügbar

================================================================================
[ANALYZER] Zyklus #184 - 2025-11-09 23:24:20
================================================================================
[ANALYZER] Keine Detections verfügbar

================================================================================
[ANALYZER] Zyklus #185 - 2025-11-09 23:24:50
================================================================================
[ANALYZER] Keine Detections verfügbar

================================================================================
[ANALYZER] Zyklus #186 - 2025-11-09 23:25:20
================================================================================
[ANALYZER] Keine Detections verfügbar

================================================================================
[ANALYZER] Zyklus #187 - 2025-11-09 23:25:50
================================================================================
[ANALYZER] Keine Detections verfügbar

================================================================================
[ANALYZER] Zyklus #188 - 2025-11-09 23:26:20
================================================================================
[ANALYZER] Keine Detections verfügbar

================================================================================
[ANALYZER] Zyklus #189 - 2025-11-09 23:26:50
================================================================================
[ANALYZER] Keine Detections verfügbar

================================================================================
[ANALYZER] Zyklus #190 - 2025-11-09 23:27:20
================================================================================
[ANALYZER] Keine Detections verfügbar

================================================================================
[ANALYZER] Zyklus #191 - 2025-11-09 23:27:50
================================================================================
[ANALYZER] Keine Detections verfügbar

================================================================================
[ANALYZER] Zyklus #192 - 2025-11-09 23:28:20
================================================================================
[ANALYZER] Keine Detections verfügbar

================================================================================
[ANALYZER] Zyklus #193 - 2025-11-09 23:28:50
================================================================================
[ANALYZER] Keine Detections verfügbar

================================================================================
[ANALYZER] Zyklus #194 - 2025-11-09 23:29:20
================================================================================
[ANALYZER] Keine Detections verfügbar

================================================================================
[ANALYZER] Zyklus #195 - 2025-11-09 23:29:50
================================================================================
[ANALYZER] Keine Detections verfügbar

================================================================================
[ANALYZER] Zyklus #196 - 2025-11-09 23:30:20
================================================================================
[ANALYZER] Keine Detections verfügbar

================================================================================
[ANALYZER] Zyklus #197 - 2025-11-09 23:30:50
================================================================================
[ANALYZER] Keine Detections verfügbar

================================================================================
[ANALYZER] Zyklus #198 - 2025-11-09 23:31:20
================================================================================
[ANALYZER] Keine Detections verfügbar

================================================================================
[ANALYZER] Zyklus #199 - 2025-11-09 23:31:50
================================================================================
[ANALYZER] Keine Detections verfügbar

================================================================================
[ANALYZER] Zyklus #200 - 2025-11-09 23:32:20
================================================================================
[ANALYZER] Keine Detections verfügbar

================================================================================
[ANALYZER] Zyklus #201 - 2025-11-09 23:32:50
================================================================================
[ANALYZER] Keine Detections verfügbar

================================================================================
[ANALYZER] Zyklus #202 - 2025-11-09 23:33:20
================================================================================
[ANALYZER] Keine Detections verfügbar

================================================================================
[ANALYZER] Zyklus #203 - 2025-11-09 23:33:50
================================================================================
[ANALYZER] Keine Detections verfügbar

================================================================================
[ANALYZER] Zyklus #204 - 2025-11-09 23:34:20
================================================================================
[ANALYZER] Keine Detections verfügbar

================================================================================
[ANALYZER] Zyklus #205 - 2025-11-09 23:34:50
================================================================================
[ANALYZER] Keine Detections verfügbar

================================================================================
[ANALYZER] Zyklus #206 - 2025-11-09 23:35:20
================================================================================
[ANALYZER] Keine Detections verfügbar

================================================================================
[ANALYZER] Zyklus #207 - 2025-11-09 23:35:50
================================================================================
[ANALYZER] Keine Detections verfügbar

================================================================================
[ANALYZER] Zyklus #208 - 2025-11-09 23:36:20
================================================================================
[ANALYZER] Keine Detections verfügbar

================================================================================
[ANALYZER] Zyklus #209 - 2025-11-09 23:36:50
================================================================================
[ANALYZER] Keine Detections verfügbar

================================================================================
[ANALYZER] Zyklus #210 - 2025-11-09 23:37:20
================================================================================
[ANALYZER] Keine Detections verfügbar

================================================================================
[ANALYZER] Zyklus #211 - 2025-11-09 23:37:50
================================================================================
[ANALYZER] Keine Detections verfügbar

================================================================================
[ANALYZER] Zyklus #212 - 2025-11-09 23:38:20
================================================================================
[ANALYZER] Keine Detections verfügbar

================================================================================
[ANALYZER] Zyklus #213 - 2025-11-09 23:38:50
================================================================================
[ANALYZER] Keine Detections verfügbar

================================================================================
[ANALYZER] Zyklus #214 - 2025-11-09 23:39:20
================================================================================
[ANALYZER] Keine Detections verfügbar

================================================================================
[ANALYZER] Zyklus #215 - 2025-11-09 23:39:50
================================================================================
[ANALYZER] Keine Detections verfügbar

================================================================================
[ANALYZER] Zyklus #216 - 2025-11-09 23:40:20
================================================================================
[ANALYZER] Keine Detections verfügbar

================================================================================
[ANALYZER] Zyklus #217 - 2025-11-09 23:40:50
================================================================================
[ANALYZER] Keine Detections verfügbar

================================================================================
[ANALYZER] Zyklus #218 - 2025-11-09 23:41:20
================================================================================
[ANALYZER] Keine Detections verfügbar

================================================================================
[ANALYZER] Zyklus #219 - 2025-11-09 23:41:50
================================================================================
[ANALYZER] Keine Detections verfügbar

================================================================================
[ANALYZER] Zyklus #220 - 2025-11-09 23:42:20
================================================================================
[ANALYZER] Keine Detections verfügbar

================================================================================
[ANALYZER] Zyklus #221 - 2025-11-09 23:42:50
================================================================================
[ANALYZER] Keine Detections verfügbar

================================================================================
[ANALYZER] Zyklus #222 - 2025-11-09 23:43:20
================================================================================
[ANALYZER] Keine Detections verfügbar

================================================================================
[ANALYZER] Zyklus #223 - 2025-11-09 23:43:50
================================================================================
[ANALYZER] Keine Detections verfügbar

================================================================================
[ANALYZER] Zyklus #224 - 2025-11-09 23:44:20
================================================================================
[ANALYZER] Keine Detections verfügbar

================================================================================
[ANALYZER] Zyklus #225 - 2025-11-09 23:44:50
================================================================================
[ANALYZER] Keine Detections verfügbar

================================================================================
[ANALYZER] Zyklus #226 - 2025-11-09 23:45:20
================================================================================
[ANALYZER] Keine Detections verfügbar

================================================================================
[ANALYZER] Zyklus #227 - 2025-11-09 23:45:50
================================================================================
[ANALYZER] Keine Detections verfügbar

================================================================================
[ANALYZER] Zyklus #228 - 2025-11-09 23:46:20
================================================================================
[ANALYZER] Keine Detections verfügbar

================================================================================
[ANALYZER] Zyklus #229 - 2025-11-09 23:46:50
================================================================================
[ANALYZER] Keine Detections verfügbar

================================================================================
[ANALYZER] Zyklus #230 - 2025-11-09 23:47:20
================================================================================
[ANALYZER] Keine Detections verfügbar

================================================================================
[ANALYZER] Zyklus #231 - 2025-11-09 23:47:50
================================================================================
[ANALYZER] Keine Detections verfügbar

================================================================================
[ANALYZER] Zyklus #232 - 2025-11-09 23:48:20
================================================================================
[ANALYZER] Keine Detections verfügbar

================================================================================
[ANALYZER] Zyklus #233 - 2025-11-09 23:48:50
================================================================================
[ANALYZER] Keine Detections verfügbar

================================================================================
[ANALYZER] Zyklus #234 - 2025-11-09 23:49:20
================================================================================
[ANALYZER] Keine Detections verfügbar

================================================================================
[ANALYZER] Zyklus #235 - 2025-11-09 23:49:50
================================================================================
[ANALYZER] Keine Detections verfügbar

================================================================================
[ANALYZER] Zyklus #236 - 2025-11-09 23:50:20
================================================================================
[ANALYZER] Keine Detections verfügbar

================================================================================
[ANALYZER] Zyklus #237 - 2025-11-09 23:50:50
================================================================================
[ANALYZER] Keine Detections verfügbar

================================================================================
[ANALYZER] Zyklus #238 - 2025-11-09 23:51:20
================================================================================
[ANALYZER] Keine Detections verfügbar

================================================================================
[ANALYZER] Zyklus #239 - 2025-11-09 23:51:50
================================================================================
[ANALYZER] Keine Detections verfügbar

================================================================================
[ANALYZER] Zyklus #240 - 2025-11-09 23:52:20
================================================================================
[ANALYZER] Keine Detections verfügbar

================================================================================
[ANALYZER] Zyklus #241 - 2025-11-09 23:52:50
================================================================================
[ANALYZER] Keine Detections verfügbar

================================================================================
[ANALYZER] Zyklus #242 - 2025-11-09 23:53:20
================================================================================
[ANALYZER] Keine Detections verfügbar

================================================================================
[ANALYZER] Zyklus #243 - 2025-11-09 23:53:50
================================================================================
[ANALYZER] Keine Detections verfügbar

================================================================================
[ANALYZER] Zyklus #244 - 2025-11-09 23:54:20
================================================================================
[ANALYZER] Keine Detections verfügbar

================================================================================
[ANALYZER] Zyklus #245 - 2025-11-09 23:54:50
================================================================================
[ANALYZER] Keine Detections verfügbar

================================================================================
[ANALYZER] Zyklus #246 - 2025-11-09 23:55:20
================================================================================
[ANALYZER] Keine Detections verfügbar

================================================================================
[ANALYZER] Zyklus #247 - 2025-11-09 23:55:50
================================================================================
[ANALYZER] Keine Detections verfügbar

================================================================================
[ANALYZER] Zyklus #248 - 2025-11-09 23:56:20
================================================================================
[ANALYZER] Keine Detections verfügbar

================================================================================
[ANALYZER] Zyklus #249 - 2025-11-09 23:56:50
================================================================================
[ANALYZER] Keine Detections verfügbar

================================================================================
[ANALYZER] Zyklus #250 - 2025-11-09 23:57:20
================================================================================
[ANALYZER] Keine Detections verfügbar

================================================================================
[ANALYZER] Zyklus #251 - 2025-11-09 23:57:50
================================================================================
[ANALYZER] Keine Detections verfügbar

================================================================================
[ANALYZER] Zyklus #252 - 2025-11-09 23:58:20
================================================================================
[ANALYZER] Keine Detections verfügbar

================================================================================
[ANALYZER] Zyklus #253 - 2025-11-09 23:58:50
================================================================================
[ANALYZER] Keine Detections verfügbar

================================================================================
[ANALYZER] Zyklus #254 - 2025-11-09 23:59:20
================================================================================
[ANALYZER] Keine Detections verfügbar

================================================================================
[ANALYZER] Zyklus #255 - 2025-11-09 23:59:50
================================================================================
[ANALYZER] Keine Detections verfügbar

================================================================================
[ANALYZER] Zyklus #256 - 2025-11-10 00:00:20
================================================================================
[ANALYZER] Keine Detections verfügbar

================================================================================
[ANALYZER] Zyklus #257 - 2025-11-10 00:00:50
================================================================================
[ANALYZER] Keine Detections verfügbar

================================================================================
[ANALYZER] Zyklus #258 - 2025-11-10 00:01:20
================================================================================
[ANALYZER] Keine Detections verfügbar

================================================================================
[ANALYZER] Zyklus #259 - 2025-11-10 00:01:50
================================================================================
[ANALYZER] Keine Detections verfügbar

================================================================================
[ANALYZER] Zyklus #260 - 2025-11-10 00:02:20
================================================================================
[ANALYZER] Keine Detections verfügbar

================================================================================
[ANALYZER] Zyklus #261 - 2025-11-10 00:02:50
================================================================================
[ANALYZER] Keine Detections verfügbar

================================================================================
[ANALYZER] Zyklus #262 - 2025-11-10 00:03:20
================================================================================
[ANALYZER] Keine Detections verfügbar

================================================================================
[ANALYZER] Zyklus #263 - 2025-11-10 00:03:50
================================================================================
[ANALYZER] Keine Detections verfügbar

================================================================================
[ANALYZER] Zyklus #264 - 2025-11-10 00:04:20
================================================================================
[ANALYZER] Keine Detections verfügbar

================================================================================
[ANALYZER] Zyklus #265 - 2025-11-10 00:04:50
================================================================================
[ANALYZER] Keine Detections verfügbar

================================================================================
[ANALYZER] Zyklus #266 - 2025-11-10 00:05:20
================================================================================
[ANALYZER] Keine Detections verfügbar

================================================================================
[ANALYZER] Zyklus #267 - 2025-11-10 00:05:50
================================================================================
[ANALYZER] Keine Detections verfügbar

================================================================================
[ANALYZER] Zyklus #268 - 2025-11-10 00:06:20
================================================================================
[ANALYZER] Keine Detections verfügbar

================================================================================
[ANALYZER] Zyklus #269 - 2025-11-10 00:06:50
================================================================================
[ANALYZER] Keine Detections verfügbar

================================================================================
[ANALYZER] Zyklus #270 - 2025-11-10 00:07:20
================================================================================
[ANALYZER] Keine Detections verfügbar

================================================================================
[ANALYZER] Zyklus #271 - 2025-11-10 00:07:50
================================================================================
[ANALYZER] Keine Detections verfügbar

================================================================================
[ANALYZER] Zyklus #272 - 2025-11-10 00:08:20
================================================================================
[ANALYZER] Keine Detections verfügbar

================================================================================
[ANALYZER] Zyklus #273 - 2025-11-10 00:08:50
================================================================================
[ANALYZER] Keine Detections verfügbar

================================================================================
[ANALYZER] Zyklus #274 - 2025-11-10 00:09:20
================================================================================
[ANALYZER] Keine Detections verfügbar

================================================================================
[ANALYZER] Zyklus #275 - 2025-11-10 00:09:50
================================================================================
[ANALYZER] Keine Detections verfügbar

================================================================================
[ANALYZER] Zyklus #276 - 2025-11-10 00:10:20
================================================================================
[ANALYZER] Keine Detections verfügbar

================================================================================
[ANALYZER] Zyklus #277 - 2025-11-10 00:10:50
================================================================================
[ANALYZER] Keine Detections verfügbar

================================================================================
[ANALYZER] Zyklus #278 - 2025-11-10 00:11:20
================================================================================
[ANALYZER] Keine Detections verfügbar

================================================================================
[ANALYZER] Zyklus #279 - 2025-11-10 00:11:50
================================================================================
[ANALYZER] Keine Detections verfügbar

================================================================================
[ANALYZER] Zyklus #280 - 2025-11-10 00:12:20
================================================================================
[ANALYZER] Keine Detections verfügbar

================================================================================
[ANALYZER] Zyklus #281 - 2025-11-10 00:12:50
================================================================================
[ANALYZER] Keine Detections verfügbar

================================================================================
[ANALYZER] Zyklus #282 - 2025-11-10 00:13:20
================================================================================
[ANALYZER] Keine Detections verfügbar

================================================================================
[ANALYZER] Zyklus #283 - 2025-11-10 00:13:50
================================================================================
[ANALYZER] Keine Detections verfügbar

================================================================================
[ANALYZER] Zyklus #284 - 2025-11-10 00:14:20
================================================================================
[ANALYZER] Keine Detections verfügbar

================================================================================
[ANALYZER] Zyklus #285 - 2025-11-10 00:14:50
================================================================================
[ANALYZER] Keine Detections verfügbar

================================================================================
[ANALYZER] Zyklus #286 - 2025-11-10 00:15:20
================================================================================
[ANALYZER] Keine Detections verfügbar

================================================================================
[ANALYZER] Zyklus #287 - 2025-11-10 00:15:50
================================================================================
[ANALYZER] Keine Detections verfügbar

================================================================================
[ANALYZER] Zyklus #288 - 2025-11-10 00:16:20
================================================================================
[ANALYZER] Keine Detections verfügbar

================================================================================
[ANALYZER] Zyklus #289 - 2025-11-10 00:16:50
================================================================================
[ANALYZER] Keine Detections verfügbar

================================================================================
[ANALYZER] Zyklus #290 - 2025-11-10 00:17:20
================================================================================
[ANALYZER] Keine Detections verfügbar

================================================================================
[ANALYZER] Zyklus #291 - 2025-11-10 00:17:50
================================================================================
[ANALYZER] Keine Detections verfügbar

================================================================================
[ANALYZER] Zyklus #292 - 2025-11-10 00:18:20
================================================================================
[ANALYZER] Keine Detections verfügbar

================================================================================
[ANALYZER] Zyklus #293 - 2025-11-10 00:18:50
================================================================================
[ANALYZER] Keine Detections verfügbar

================================================================================
[ANALYZER] Zyklus #294 - 2025-11-10 00:19:20
================================================================================
[ANALYZER] Keine Detections verfügbar

================================================================================
[ANALYZER] Zyklus #295 - 2025-11-10 00:19:50
================================================================================
[ANALYZER] Keine Detections verfügbar

================================================================================
[ANALYZER] Zyklus #296 - 2025-11-10 00:20:20
================================================================================
[ANALYZER] Keine Detections verfügbar

================================================================================
[ANALYZER] Zyklus #297 - 2025-11-10 00:20:50
================================================================================
[ANALYZER] Keine Detections verfügbar

================================================================================
[ANALYZER] Zyklus #298 - 2025-11-10 00:21:20
================================================================================
[ANALYZER] Keine Detections verfügbar

================================================================================
[ANALYZER] Zyklus #299 - 2025-11-10 00:21:50
================================================================================
[ANALYZER] Keine Detections verfügbar

================================================================================
[ANALYZER] Zyklus #300 - 2025-11-10 00:22:20
================================================================================
[ANALYZER] Keine Detections verfügbar

================================================================================
[ANALYZER] Zyklus #301 - 2025-11-10 00:22:50
================================================================================
[ANALYZER] Keine Detections verfügbar

================================================================================
[ANALYZER] Zyklus #302 - 2025-11-10 00:23:20
================================================================================
[ANALYZER] Keine Detections verfügbar

================================================================================
[ANALYZER] Zyklus #303 - 2025-11-10 00:23:50
================================================================================
[ANALYZER] Keine Detections verfügbar

================================================================================
[ANALYZER] Zyklus #304 - 2025-11-10 00:24:20
================================================================================
[ANALYZER] Keine Detections verfügbar

================================================================================
[ANALYZER] Zyklus #305 - 2025-11-10 00:24:50
================================================================================
[ANALYZER] Keine Detections verfügbar

================================================================================
[ANALYZER] Zyklus #306 - 2025-11-10 00:25:20
================================================================================
[ANALYZER] Keine Detections verfügbar

================================================================================
[ANALYZER] Zyklus #307 - 2025-11-10 00:25:50
================================================================================
[ANALYZER] Keine Detections verfügbar

================================================================================
[ANALYZER] Zyklus #308 - 2025-11-10 00:26:20
================================================================================
[ANALYZER] Keine Detections verfügbar

================================================================================
[ANALYZER] Zyklus #309 - 2025-11-10 00:26:50
================================================================================
[ANALYZER] Keine Detections verfügbar

================================================================================
[ANALYZER] Zyklus #310 - 2025-11-10 00:27:20
================================================================================
[ANALYZER] Keine Detections verfügbar

================================================================================
[ANALYZER] Zyklus #311 - 2025-11-10 00:27:50
================================================================================
[ANALYZER] Keine Detections verfügbar

================================================================================
[ANALYZER] Zyklus #312 - 2025-11-10 00:28:20
================================================================================
[ANALYZER] Keine Detections verfügbar

================================================================================
[ANALYZER] Zyklus #313 - 2025-11-10 00:28:50
================================================================================
[ANALYZER] Keine Detections verfügbar

================================================================================
[ANALYZER] Zyklus #314 - 2025-11-10 00:29:20
================================================================================
[ANALYZER] Keine Detections verfügbar

================================================================================
[ANALYZER] Zyklus #315 - 2025-11-10 00:29:50
================================================================================
[ANALYZER] Keine Detections verfügbar

================================================================================
[ANALYZER] Zyklus #316 - 2025-11-10 00:30:20
================================================================================
[ANALYZER] Keine Detections verfügbar

================================================================================
[ANALYZER] Zyklus #317 - 2025-11-10 00:30:50
================================================================================
[ANALYZER] Keine Detections verfügbar

================================================================================
[ANALYZER] Zyklus #318 - 2025-11-10 00:31:20
================================================================================
[ANALYZER] Keine Detections verfügbar

================================================================================
[ANALYZER] Zyklus #319 - 2025-11-10 00:31:50
================================================================================
[ANALYZER] Keine Detections verfügbar

================================================================================
[ANALYZER] Zyklus #320 - 2025-11-10 00:32:20
================================================================================
[ANALYZER] Keine Detections verfügbar

================================================================================
[ANALYZER] Zyklus #321 - 2025-11-10 00:32:50
================================================================================
[ANALYZER] Keine Detections verfügbar

================================================================================
[ANALYZER] Zyklus #322 - 2025-11-10 00:33:20
================================================================================
[ANALYZER] Keine Detections verfügbar

================================================================================
[ANALYZER] Zyklus #323 - 2025-11-10 00:33:50
================================================================================
[ANALYZER] Keine Detections verfügbar

================================================================================
[ANALYZER] Zyklus #324 - 2025-11-10 00:34:20
================================================================================
[ANALYZER] Keine Detections verfügbar

================================================================================
[ANALYZER] Zyklus #325 - 2025-11-10 00:34:50
================================================================================
[ANALYZER] Keine Detections verfügbar

================================================================================
[ANALYZER] Zyklus #326 - 2025-11-10 00:35:20
================================================================================
[ANALYZER] Keine Detections verfügbar

================================================================================
[ANALYZER] Zyklus #327 - 2025-11-10 00:35:50
================================================================================
[ANALYZER] Keine Detections verfügbar

================================================================================
[ANALYZER] Zyklus #328 - 2025-11-10 00:36:20
================================================================================
[ANALYZER] Keine Detections verfügbar

================================================================================
[ANALYZER] Zyklus #329 - 2025-11-10 00:36:50
================================================================================
[ANALYZER] Keine Detections verfügbar

================================================================================
[ANALYZER] Zyklus #330 - 2025-11-10 00:37:20
================================================================================
[ANALYZER] Keine Detections verfügbar

================================================================================
[ANALYZER] Zyklus #331 - 2025-11-10 00:37:50
================================================================================
[ANALYZER] Keine Detections verfügbar

================================================================================
[ANALYZER] Zyklus #332 - 2025-11-10 00:38:20
================================================================================
[ANALYZER] Keine Detections verfügbar

================================================================================
[ANALYZER] Zyklus #333 - 2025-11-10 00:38:50
================================================================================
[ANALYZER] Keine Detections verfügbar

================================================================================
[ANALYZER] Zyklus #334 - 2025-11-10 00:39:20
================================================================================
[ANALYZER] Keine Detections verfügbar

================================================================================
[ANALYZER] Zyklus #335 - 2025-11-10 00:39:50
================================================================================
[ANALYZER] Keine Detections verfügbar

================================================================================
[ANALYZER] Zyklus #336 - 2025-11-10 00:40:20
================================================================================
[ANALYZER] Keine Detections verfügbar

================================================================================
[ANALYZER] Zyklus #337 - 2025-11-10 00:40:50
================================================================================
[ANALYZER] Keine Detections verfügbar

================================================================================
[ANALYZER] Zyklus #338 - 2025-11-10 00:41:20
================================================================================
[ANALYZER] Keine Detections verfügbar

================================================================================
[ANALYZER] Zyklus #339 - 2025-11-10 00:41:50
================================================================================
[ANALYZER] Keine Detections verfügbar

================================================================================
[ANALYZER] Zyklus #340 - 2025-11-10 00:42:20
================================================================================
[ANALYZER] Keine Detections verfügbar

================================================================================
[ANALYZER] Zyklus #341 - 2025-11-10 00:42:50
================================================================================
[ANALYZER] Keine Detections verfügbar

================================================================================
[ANALYZER] Zyklus #342 - 2025-11-10 00:43:20
================================================================================
[ANALYZER] Keine Detections verfügbar

================================================================================
[ANALYZER] Zyklus #343 - 2025-11-10 00:43:50
================================================================================
[ANALYZER] Keine Detections verfügbar

================================================================================
[ANALYZER] Zyklus #344 - 2025-11-10 00:44:20
================================================================================
[ANALYZER] Keine Detections verfügbar

================================================================================
[ANALYZER] Zyklus #345 - 2025-11-10 00:44:50
================================================================================
[ANALYZER] Keine Detections verfügbar

================================================================================
[ANALYZER] Zyklus #346 - 2025-11-10 00:45:20
================================================================================
[ANALYZER] Keine Detections verfügbar

================================================================================
[ANALYZER] Zyklus #347 - 2025-11-10 00:45:50
================================================================================
[ANALYZER] Keine Detections verfügbar

================================================================================
[ANALYZER] Zyklus #348 - 2025-11-10 00:46:20
================================================================================
[ANALYZER] Keine Detections verfügbar

================================================================================
[ANALYZER] Zyklus #349 - 2025-11-10 00:46:50
================================================================================
[ANALYZER] Keine Detections verfügbar

================================================================================
[ANALYZER] Zyklus #350 - 2025-11-10 00:47:20
================================================================================
[ANALYZER] Keine Detections verfügbar

================================================================================
[ANALYZER] Zyklus #351 - 2025-11-10 00:47:50
================================================================================
[ANALYZER] Keine Detections verfügbar

================================================================================
[ANALYZER] Zyklus #352 - 2025-11-10 00:48:20
================================================================================
[ANALYZER] Keine Detections verfügbar

================================================================================
[ANALYZER] Zyklus #353 - 2025-11-10 00:48:50
================================================================================
[ANALYZER] Keine Detections verfügbar

================================================================================
[ANALYZER] Zyklus #354 - 2025-11-10 00:49:20
================================================================================
[ANALYZER] Keine Detections verfügbar

================================================================================
[ANALYZER] Zyklus #355 - 2025-11-10 00:49:50
================================================================================
[ANALYZER] Keine Detections verfügbar

================================================================================
[ANALYZER] Zyklus #356 - 2025-11-10 00:50:20
================================================================================
[ANALYZER] Keine Detections verfügbar

================================================================================
[ANALYZER] Zyklus #357 - 2025-11-10 00:50:50
================================================================================
[ANALYZER] Keine Detections verfügbar

================================================================================
[ANALYZER] Zyklus #358 - 2025-11-10 00:51:20
================================================================================
[ANALYZER] Keine Detections verfügbar

================================================================================
[ANALYZER] Zyklus #359 - 2025-11-10 00:51:50
================================================================================
[ANALYZER] Keine Detections verfügbar

================================================================================
[ANALYZER] Zyklus #360 - 2025-11-10 00:52:20
================================================================================
[ANALYZER] Keine Detections verfügbar

================================================================================
[ANALYZER] Zyklus #361 - 2025-11-10 00:52:50
================================================================================
[ANALYZER] Keine Detections verfügbar

================================================================================
[ANALYZER] Zyklus #362 - 2025-11-10 00:53:20
================================================================================
[ANALYZER] Keine Detections verfügbar

================================================================================
[ANALYZER] Zyklus #363 - 2025-11-10 00:53:50
================================================================================
[ANALYZER] Keine Detections verfügbar

================================================================================
[ANALYZER] Zyklus #364 - 2025-11-10 00:54:20
================================================================================
[ANALYZER] Keine Detections verfügbar

================================================================================
[ANALYZER] Zyklus #365 - 2025-11-10 00:54:50
================================================================================
[ANALYZER] Keine Detections verfügbar

================================================================================
[ANALYZER] Zyklus #366 - 2025-11-10 00:55:20
================================================================================
[ANALYZER] Keine Detections verfügbar

================================================================================
[ANALYZER] Zyklus #367 - 2025-11-10 00:55:50
================================================================================
[ANALYZER] Keine Detections verfügbar

================================================================================
[ANALYZER] Zyklus #368 - 2025-11-10 00:56:20
================================================================================
[ANALYZER] Keine Detections verfügbar

================================================================================
[ANALYZER] Zyklus #369 - 2025-11-10 00:56:50
================================================================================
[ANALYZER] Keine Detections verfügbar

================================================================================
[ANALYZER] Zyklus #370 - 2025-11-10 00:57:20
================================================================================
[ANALYZER] Keine Detections verfügbar

================================================================================
[ANALYZER] Zyklus #371 - 2025-11-10 00:57:50
================================================================================
[ANALYZER] Keine Detections verfügbar

================================================================================
[ANALYZER] Zyklus #372 - 2025-11-10 00:58:20
================================================================================
[ANALYZER] Keine Detections verfügbar

================================================================================
[ANALYZER] Zyklus #373 - 2025-11-10 00:58:50
================================================================================
[ANALYZER] Keine Detections verfügbar

================================================================================
[ANALYZER] Zyklus #374 - 2025-11-10 00:59:20
================================================================================
[ANALYZER] Keine Detections verfügbar

================================================================================
[ANALYZER] Zyklus #375 - 2025-11-10 00:59:50
================================================================================
[ANALYZER] Keine Detections verfügbar

================================================================================
[ANALYZER] Zyklus #376 - 2025-11-10 01:00:20
================================================================================
[ANALYZER] Keine Detections verfügbar

================================================================================
[ANALYZER] Zyklus #377 - 2025-11-10 01:00:50
================================================================================
[ANALYZER] Keine Detections verfügbar

================================================================================
[ANALYZER] Zyklus #378 - 2025-11-10 01:01:20
================================================================================
[ANALYZER] Keine Detections verfügbar

================================================================================
[ANALYZER] Zyklus #379 - 2025-11-10 01:01:50
================================================================================
[ANALYZER] Keine Detections verfügbar

================================================================================
[ANALYZER] Zyklus #380 - 2025-11-10 01:02:20
================================================================================
[ANALYZER] Keine Detections verfügbar

================================================================================
[ANALYZER] Zyklus #381 - 2025-11-10 01:02:50
================================================================================
[ANALYZER] Keine Detections verfügbar

================================================================================
[ANALYZER] Zyklus #382 - 2025-11-10 01:03:20
================================================================================
[ANALYZER] Keine Detections verfügbar

================================================================================
[ANALYZER] Zyklus #383 - 2025-11-10 01:03:50
================================================================================
[ANALYZER] Keine Detections verfügbar

================================================================================
[ANALYZER] Zyklus #384 - 2025-11-10 01:04:20
================================================================================
[ANALYZER] Keine Detections verfügbar

================================================================================
[ANALYZER] Zyklus #385 - 2025-11-10 01:04:50
================================================================================
[ANALYZER] Keine Detections verfügbar

================================================================================
[ANALYZER] Zyklus #386 - 2025-11-10 01:05:20
================================================================================
[ANALYZER] Keine Detections verfügbar

================================================================================
[ANALYZER] Zyklus #387 - 2025-11-10 01:05:50
================================================================================
[ANALYZER] Keine Detections verfügbar

================================================================================
[ANALYZER] Zyklus #388 - 2025-11-10 01:06:20
================================================================================
[ANALYZER] Keine Detections verfügbar

================================================================================
[ANALYZER] Zyklus #389 - 2025-11-10 01:06:51
================================================================================
[ANALYZER] Keine Detections verfügbar

================================================================================
[ANALYZER] Zyklus #390 - 2025-11-10 01:07:21
================================================================================
[ANALYZER] Keine Detections verfügbar

================================================================================
[ANALYZER] Zyklus #391 - 2025-11-10 01:07:51
================================================================================
[ANALYZER] Keine Detections verfügbar

================================================================================
[ANALYZER] Zyklus #392 - 2025-11-10 01:08:21
================================================================================
[ANALYZER] Keine Detections verfügbar

================================================================================
[ANALYZER] Zyklus #393 - 2025-11-10 01:08:51
================================================================================
[ANALYZER] Keine Detections verfügbar

================================================================================
[ANALYZER] Zyklus #394 - 2025-11-10 01:09:21
================================================================================
[ANALYZER] Keine Detections verfügbar

================================================================================
[ANALYZER] Zyklus #395 - 2025-11-10 01:09:51
================================================================================
[ANALYZER] Keine Detections verfügbar

================================================================================
[ANALYZER] Zyklus #396 - 2025-11-10 01:10:21
================================================================================
[ANALYZER] Keine Detections verfügbar

================================================================================
[ANALYZER] Zyklus #397 - 2025-11-10 01:10:51
================================================================================
[ANALYZER] Keine Detections verfügbar

================================================================================
[ANALYZER] Zyklus #398 - 2025-11-10 01:11:21
================================================================================
[ANALYZER] Keine Detections verfügbar

================================================================================
[ANALYZER] Zyklus #399 - 2025-11-10 01:11:51
================================================================================
[ANALYZER] Keine Detections verfügbar

================================================================================
[ANALYZER] Zyklus #400 - 2025-11-10 01:12:21
================================================================================
[ANALYZER] Keine Detections verfügbar

================================================================================
[ANALYZER] Zyklus #401 - 2025-11-10 01:12:51
================================================================================
[ANALYZER] Keine Detections verfügbar

================================================================================
[ANALYZER] Zyklus #402 - 2025-11-10 01:13:21
================================================================================
[ANALYZER] Keine Detections verfügbar

================================================================================
[ANALYZER] Zyklus #403 - 2025-11-10 01:13:51
================================================================================
[ANALYZER] Keine Detections verfügbar

================================================================================
[ANALYZER] Zyklus #404 - 2025-11-10 01:14:21
================================================================================
[ANALYZER] Keine Detections verfügbar

================================================================================
[ANALYZER] Zyklus #405 - 2025-11-10 01:14:51
================================================================================
[ANALYZER] Keine Detections verfügbar

================================================================================
[ANALYZER] Zyklus #406 - 2025-11-10 01:15:21
================================================================================
[ANALYZER] Keine Detections verfügbar

================================================================================
[ANALYZER] Zyklus #407 - 2025-11-10 01:15:51
================================================================================
[ANALYZER] Keine Detections verfügbar

================================================================================
[ANALYZER] Zyklus #408 - 2025-11-10 01:16:21
================================================================================
[ANALYZER] Keine Detections verfügbar

================================================================================
[ANALYZER] Zyklus #409 - 2025-11-10 01:16:51
================================================================================
[ANALYZER] Keine Detections verfügbar

================================================================================
[ANALYZER] Zyklus #410 - 2025-11-10 01:17:21
================================================================================
[ANALYZER] Keine Detections verfügbar

================================================================================
[ANALYZER] Zyklus #411 - 2025-11-10 01:17:51
================================================================================
[ANALYZER] Keine Detections verfügbar

================================================================================
[ANALYZER] Zyklus #412 - 2025-11-10 01:18:21
================================================================================
[ANALYZER] Keine Detections verfügbar

================================================================================
[ANALYZER] Zyklus #413 - 2025-11-10 01:18:51
================================================================================
[ANALYZER] Keine Detections verfügbar

================================================================================
[ANALYZER] Zyklus #414 - 2025-11-10 01:19:21
================================================================================
[ANALYZER] Keine Detections verfügbar

================================================================================
[ANALYZER] Zyklus #415 - 2025-11-10 01:19:51
================================================================================
[ANALYZER] Keine Detections verfügbar

================================================================================
[ANALYZER] Zyklus #416 - 2025-11-10 01:20:21
================================================================================
[ANALYZER] Keine Detections verfügbar

================================================================================
[ANALYZER] Zyklus #417 - 2025-11-10 01:20:51
================================================================================
[ANALYZER] Keine Detections verfügbar

================================================================================
[ANALYZER] Zyklus #418 - 2025-11-10 01:21:21
================================================================================
[ANALYZER] Keine Detections verfügbar

================================================================================
[ANALYZER] Zyklus #419 - 2025-11-10 01:21:51
================================================================================
[ANALYZER] Keine Detections verfügbar

================================================================================
[ANALYZER] Zyklus #420 - 2025-11-10 01:22:21
================================================================================
[ANALYZER] Keine Detections verfügbar

================================================================================
[ANALYZER] Zyklus #421 - 2025-11-10 01:22:51
================================================================================
[ANALYZER] Keine Detections verfügbar

================================================================================
[ANALYZER] Zyklus #422 - 2025-11-10 01:23:21
================================================================================
[ANALYZER] Keine Detections verfügbar

================================================================================
[ANALYZER] Zyklus #423 - 2025-11-10 01:23:51
================================================================================
[ANALYZER] Keine Detections verfügbar

================================================================================
[ANALYZER] Zyklus #424 - 2025-11-10 01:24:21
================================================================================
[ANALYZER] Keine Detections verfügbar

================================================================================
[ANALYZER] Zyklus #425 - 2025-11-10 01:24:51
================================================================================
[ANALYZER] Keine Detections verfügbar

================================================================================
[ANALYZER] Zyklus #426 - 2025-11-10 01:25:21
================================================================================
[ANALYZER] Keine Detections verfügbar

================================================================================
[ANALYZER] Zyklus #427 - 2025-11-10 01:25:51
================================================================================
[ANALYZER] Keine Detections verfügbar

================================================================================
[ANALYZER] Zyklus #428 - 2025-11-10 01:26:21
================================================================================
[ANALYZER] Keine Detections verfügbar

================================================================================
[ANALYZER] Zyklus #429 - 2025-11-10 01:26:51
================================================================================
[ANALYZER] Keine Detections verfügbar

================================================================================
[ANALYZER] Zyklus #430 - 2025-11-10 01:27:21
================================================================================
[ANALYZER] Keine Detections verfügbar

================================================================================
[ANALYZER] Zyklus #431 - 2025-11-10 01:27:51
================================================================================
[ANALYZER] Keine Detections verfügbar

================================================================================
[ANALYZER] Zyklus #432 - 2025-11-10 01:28:21
================================================================================
[ANALYZER] Keine Detections verfügbar

================================================================================
[ANALYZER] Zyklus #433 - 2025-11-10 01:28:51
================================================================================
[ANALYZER] Keine Detections verfügbar

================================================================================
[ANALYZER] Zyklus #434 - 2025-11-10 01:29:21
================================================================================
[ANALYZER] Keine Detections verfügbar

================================================================================
[ANALYZER] Zyklus #435 - 2025-11-10 01:29:51
================================================================================
[ANALYZER] Keine Detections verfügbar

================================================================================
[ANALYZER] Zyklus #436 - 2025-11-10 01:30:21
================================================================================
[ANALYZER] Keine Detections verfügbar

================================================================================
[ANALYZER] Zyklus #437 - 2025-11-10 01:30:51
================================================================================
[ANALYZER] Keine Detections verfügbar

================================================================================
[ANALYZER] Zyklus #438 - 2025-11-10 01:31:21
================================================================================
[ANALYZER] Keine Detections verfügbar

================================================================================
[ANALYZER] Zyklus #439 - 2025-11-10 01:31:51
================================================================================
[ANALYZER] Keine Detections verfügbar

================================================================================
[ANALYZER] Zyklus #440 - 2025-11-10 01:32:21
================================================================================
[ANALYZER] Keine Detections verfügbar

================================================================================
[ANALYZER] Zyklus #441 - 2025-11-10 01:32:51
================================================================================
[ANALYZER] Keine Detections verfügbar

================================================================================
[ANALYZER] Zyklus #442 - 2025-11-10 01:33:21
================================================================================
[ANALYZER] Keine Detections verfügbar

================================================================================
[ANALYZER] Zyklus #443 - 2025-11-10 01:33:51
================================================================================
[ANALYZER] Keine Detections verfügbar

================================================================================
[ANALYZER] Zyklus #444 - 2025-11-10 01:34:21
================================================================================
[ANALYZER] Keine Detections verfügbar

================================================================================
[ANALYZER] Zyklus #445 - 2025-11-10 01:34:51
================================================================================
[ANALYZER] Keine Detections verfügbar

================================================================================
[ANALYZER] Zyklus #446 - 2025-11-10 01:35:21
================================================================================
[ANALYZER] Keine Detections verfügbar

================================================================================
[ANALYZER] Zyklus #447 - 2025-11-10 01:35:51
================================================================================
[ANALYZER] Keine Detections verfügbar

================================================================================
[ANALYZER] Zyklus #448 - 2025-11-10 01:36:21
================================================================================
[ANALYZER] Keine Detections verfügbar

================================================================================
[ANALYZER] Zyklus #449 - 2025-11-10 01:36:51
================================================================================
[ANALYZER] Keine Detections verfügbar

================================================================================
[ANALYZER] Zyklus #450 - 2025-11-10 01:37:21
================================================================================
[ANALYZER] Keine Detections verfügbar

================================================================================
[ANALYZER] Zyklus #451 - 2025-11-10 01:37:51
================================================================================
[ANALYZER] Keine Detections verfügbar

================================================================================
[ANALYZER] Zyklus #452 - 2025-11-10 01:38:21
================================================================================
[ANALYZER] Keine Detections verfügbar

================================================================================
[ANALYZER] Zyklus #453 - 2025-11-10 01:38:51
================================================================================
[ANALYZER] Keine Detections verfügbar

================================================================================
[ANALYZER] Zyklus #454 - 2025-11-10 01:39:21
================================================================================
[ANALYZER] Keine Detections verfügbar

================================================================================
[ANALYZER] Zyklus #455 - 2025-11-10 01:39:51
================================================================================
[ANALYZER] Keine Detections verfügbar

================================================================================
[ANALYZER] Zyklus #456 - 2025-11-10 01:40:21
================================================================================
[ANALYZER] Keine Detections verfügbar

================================================================================
[ANALYZER] Zyklus #457 - 2025-11-10 01:40:51
================================================================================
[ANALYZER] Keine Detections verfügbar

================================================================================
[ANALYZER] Zyklus #458 - 2025-11-10 01:41:21
================================================================================
[ANALYZER] Keine Detections verfügbar

================================================================================
[ANALYZER] Zyklus #459 - 2025-11-10 01:41:51
================================================================================
[ANALYZER] Keine Detections verfügbar

================================================================================
[ANALYZER] Zyklus #460 - 2025-11-10 01:42:21
================================================================================
[ANALYZER] Keine Detections verfügbar

================================================================================
[ANALYZER] Zyklus #461 - 2025-11-10 01:42:51
================================================================================
[ANALYZER] Keine Detections verfügbar

================================================================================
[ANALYZER] Zyklus #462 - 2025-11-10 01:43:21
================================================================================
[ANALYZER] Keine Detections verfügbar

================================================================================
[ANALYZER] Zyklus #463 - 2025-11-10 01:43:51
================================================================================
[ANALYZER] Keine Detections verfügbar

================================================================================
[ANALYZER] Zyklus #464 - 2025-11-10 01:44:21
================================================================================
[ANALYZER] Keine Detections verfügbar

================================================================================
[ANALYZER] Zyklus #465 - 2025-11-10 01:44:51
================================================================================
[ANALYZER] Keine Detections verfügbar

================================================================================
[ANALYZER] Zyklus #466 - 2025-11-10 01:45:21
================================================================================
[ANALYZER] Keine Detections verfügbar

================================================================================
[ANALYZER] Zyklus #467 - 2025-11-10 01:45:51
================================================================================
[ANALYZER] Keine Detections verfügbar

================================================================================
[ANALYZER] Zyklus #468 - 2025-11-10 01:46:21
================================================================================
[ANALYZER] Keine Detections verfügbar

================================================================================
[ANALYZER] Zyklus #469 - 2025-11-10 01:46:51
================================================================================
[ANALYZER] Keine Detections verfügbar

================================================================================
[ANALYZER] Zyklus #470 - 2025-11-10 01:47:21
================================================================================
[ANALYZER] Keine Detections verfügbar

================================================================================
[ANALYZER] Zyklus #471 - 2025-11-10 01:47:51
================================================================================
[ANALYZER] Keine Detections verfügbar

================================================================================
[ANALYZER] Zyklus #472 - 2025-11-10 01:48:21
================================================================================
[ANALYZER] Keine Detections verfügbar

================================================================================
[ANALYZER] Zyklus #473 - 2025-11-10 01:48:51
================================================================================
[ANALYZER] Keine Detections verfügbar

================================================================================
[ANALYZER] Zyklus #474 - 2025-11-10 01:49:21
================================================================================
[ANALYZER] Keine Detections verfügbar

================================================================================
[ANALYZER] Zyklus #475 - 2025-11-10 01:49:51
================================================================================
[ANALYZER] Keine Detections verfügbar

================================================================================
[ANALYZER] Zyklus #476 - 2025-11-10 01:50:21
================================================================================
[ANALYZER] Keine Detections verfügbar

================================================================================
[ANALYZER] Zyklus #477 - 2025-11-10 01:50:51
================================================================================
[ANALYZER] Keine Detections verfügbar

================================================================================
[ANALYZER] Zyklus #478 - 2025-11-10 01:51:21
================================================================================
[ANALYZER] Keine Detections verfügbar

================================================================================
[ANALYZER] Zyklus #479 - 2025-11-10 01:51:51
================================================================================
[ANALYZER] Keine Detections verfügbar

================================================================================
[ANALYZER] Zyklus #480 - 2025-11-10 01:52:21
================================================================================
[ANALYZER] Keine Detections verfügbar

================================================================================
[ANALYZER] Zyklus #481 - 2025-11-10 01:52:51
================================================================================
[ANALYZER] Keine Detections verfügbar

================================================================================
[ANALYZER] Zyklus #482 - 2025-11-10 01:53:21
================================================================================
[ANALYZER] Keine Detections verfügbar

================================================================================
[ANALYZER] Zyklus #483 - 2025-11-10 01:53:51
================================================================================
[ANALYZER] Keine Detections verfügbar

================================================================================
[ANALYZER] Zyklus #484 - 2025-11-10 01:54:21
================================================================================
[ANALYZER] Keine Detections verfügbar

================================================================================
[ANALYZER] Zyklus #485 - 2025-11-10 01:54:51
================================================================================
[ANALYZER] Keine Detections verfügbar

================================================================================
[ANALYZER] Zyklus #486 - 2025-11-10 01:55:21
================================================================================
[ANALYZER] Keine Detections verfügbar

================================================================================
[ANALYZER] Zyklus #487 - 2025-11-10 01:55:51
================================================================================
[ANALYZER] Keine Detections verfügbar

================================================================================
[ANALYZER] Zyklus #488 - 2025-11-10 01:56:21
================================================================================
[ANALYZER] Keine Detections verfügbar

================================================================================
[ANALYZER] Zyklus #489 - 2025-11-10 01:56:51
================================================================================
[ANALYZER] Keine Detections verfügbar

================================================================================
[ANALYZER] Zyklus #490 - 2025-11-10 01:57:21
================================================================================
[ANALYZER] Keine Detections verfügbar

================================================================================
[ANALYZER] Zyklus #491 - 2025-11-10 01:57:51
================================================================================
[ANALYZER] Keine Detections verfügbar

================================================================================
[ANALYZER] Zyklus #492 - 2025-11-10 01:58:21
================================================================================
[ANALYZER] Keine Detections verfügbar

================================================================================
[ANALYZER] Zyklus #493 - 2025-11-10 01:58:51
================================================================================
[ANALYZER] Keine Detections verfügbar

================================================================================
[ANALYZER] Zyklus #494 - 2025-11-10 01:59:21
================================================================================
[ANALYZER] Keine Detections verfügbar

================================================================================
[ANALYZER] Zyklus #495 - 2025-11-10 01:59:51
================================================================================
[ANALYZER] Keine Detections verfügbar

================================================================================
[ANALYZER] Zyklus #496 - 2025-11-10 02:00:21
================================================================================
[ANALYZER] Keine Detections verfügbar

================================================================================
[ANALYZER] Zyklus #497 - 2025-11-10 02:00:51
================================================================================
[ANALYZER] Keine Detections verfügbar

================================================================================
[ANALYZER] Zyklus #498 - 2025-11-10 02:01:21
================================================================================
[ANALYZER] Keine Detections verfügbar

================================================================================
[ANALYZER] Zyklus #499 - 2025-11-10 02:01:51
================================================================================
[ANALYZER] Keine Detections verfügbar

================================================================================
[ANALYZER] Zyklus #500 - 2025-11-10 02:02:21
================================================================================
[ANALYZER] Keine Detections verfügbar

================================================================================
[ANALYZER] Zyklus #501 - 2025-11-10 02:02:51
================================================================================
[ANALYZER] Keine Detections verfügbar

================================================================================
[ANALYZER] Zyklus #502 - 2025-11-10 02:03:21
================================================================================
[ANALYZER] Keine Detections verfügbar

================================================================================
[ANALYZER] Zyklus #503 - 2025-11-10 02:03:51
================================================================================
[ANALYZER] Keine Detections verfügbar

================================================================================
[ANALYZER] Zyklus #504 - 2025-11-10 02:04:21
================================================================================
[ANALYZER] Keine Detections verfügbar

================================================================================
[ANALYZER] Zyklus #505 - 2025-11-10 02:04:51
================================================================================
[ANALYZER] Keine Detections verfügbar

================================================================================
[ANALYZER] Zyklus #506 - 2025-11-10 02:05:21
================================================================================
[ANALYZER] Keine Detections verfügbar

================================================================================
[ANALYZER] Zyklus #507 - 2025-11-10 02:05:51
================================================================================
[ANALYZER] Keine Detections verfügbar

================================================================================
[ANALYZER] Zyklus #508 - 2025-11-10 02:06:21
================================================================================
[ANALYZER] Keine Detections verfügbar

================================================================================
[ANALYZER] Zyklus #509 - 2025-11-10 02:06:51
================================================================================
[ANALYZER] Keine Detections verfügbar

================================================================================
[ANALYZER] Zyklus #510 - 2025-11-10 02:07:21
================================================================================
[ANALYZER] Keine Detections verfügbar

================================================================================
[ANALYZER] Zyklus #511 - 2025-11-10 02:07:51
================================================================================
[ANALYZER] Keine Detections verfügbar

================================================================================
[ANALYZER] Zyklus #512 - 2025-11-10 02:08:21
================================================================================
[ANALYZER] Keine Detections verfügbar

================================================================================
[ANALYZER] Zyklus #513 - 2025-11-10 02:08:51
================================================================================
[ANALYZER] Keine Detections verfügbar

================================================================================
[ANALYZER] Zyklus #514 - 2025-11-10 02:09:21
================================================================================
[ANALYZER] Keine Detections verfügbar

================================================================================
[ANALYZER] Zyklus #515 - 2025-11-10 02:09:51
================================================================================
[ANALYZER] Keine Detections verfügbar

================================================================================
[ANALYZER] Zyklus #516 - 2025-11-10 02:10:21
================================================================================
[ANALYZER] Keine Detections verfügbar

================================================================================
[ANALYZER] Zyklus #517 - 2025-11-10 02:10:51
================================================================================
[ANALYZER] Keine Detections verfügbar

================================================================================
[ANALYZER] Zyklus #518 - 2025-11-10 02:11:21
================================================================================
[ANALYZER] Keine Detections verfügbar

================================================================================
[ANALYZER] Zyklus #519 - 2025-11-10 02:11:51
================================================================================
[ANALYZER] Keine Detections verfügbar

================================================================================
[ANALYZER] Zyklus #520 - 2025-11-10 02:12:21
================================================================================
[ANALYZER] Keine Detections verfügbar

================================================================================
[ANALYZER] Zyklus #521 - 2025-11-10 02:12:51
================================================================================
[ANALYZER] Keine Detections verfügbar

================================================================================
[ANALYZER] Zyklus #522 - 2025-11-10 02:13:21
================================================================================
[ANALYZER] Keine Detections verfügbar

================================================================================
[ANALYZER] Zyklus #523 - 2025-11-10 02:13:51
================================================================================
[ANALYZER] Keine Detections verfügbar

================================================================================
[ANALYZER] Zyklus #524 - 2025-11-10 02:14:21
================================================================================
[ANALYZER] Keine Detections verfügbar

================================================================================
[ANALYZER] Zyklus #525 - 2025-11-10 02:14:51
================================================================================
[ANALYZER] Keine Detections verfügbar

================================================================================
[ANALYZER] Zyklus #526 - 2025-11-10 02:15:21
================================================================================
[ANALYZER] Keine Detections verfügbar

================================================================================
[ANALYZER] Zyklus #527 - 2025-11-10 02:15:51
================================================================================
[ANALYZER] Keine Detections verfügbar

================================================================================
[ANALYZER] Zyklus #528 - 2025-11-10 02:16:21
================================================================================
[ANALYZER] Keine Detections verfügbar

================================================================================
[ANALYZER] Zyklus #529 - 2025-11-10 02:16:51
================================================================================
[ANALYZER] Keine Detections verfügbar

================================================================================
[ANALYZER] Zyklus #530 - 2025-11-10 02:17:21
================================================================================
[ANALYZER] Keine Detections verfügbar

================================================================================
[ANALYZER] Zyklus #531 - 2025-11-10 02:17:51
================================================================================
[ANALYZER] Keine Detections verfügbar

================================================================================
[ANALYZER] Zyklus #532 - 2025-11-10 02:18:21
================================================================================
[ANALYZER] Keine Detections verfügbar

================================================================================
[ANALYZER] Zyklus #533 - 2025-11-10 02:18:51
================================================================================
[ANALYZER] Keine Detections verfügbar

================================================================================
[ANALYZER] Zyklus #534 - 2025-11-10 02:19:21
================================================================================
[ANALYZER] Keine Detections verfügbar

================================================================================
[ANALYZER] Zyklus #535 - 2025-11-10 02:19:51
================================================================================
[ANALYZER] Keine Detections verfügbar

================================================================================
[ANALYZER] Zyklus #536 - 2025-11-10 02:20:21
================================================================================
[ANALYZER] Keine Detections verfügbar

================================================================================
[ANALYZER] Zyklus #537 - 2025-11-10 02:20:51
================================================================================
[ANALYZER] Keine Detections verfügbar

================================================================================
[ANALYZER] Zyklus #538 - 2025-11-10 02:21:21
================================================================================
[ANALYZER] Keine Detections verfügbar

================================================================================
[ANALYZER] Zyklus #539 - 2025-11-10 02:21:51
================================================================================
[ANALYZER] Keine Detections verfügbar

================================================================================
[ANALYZER] Zyklus #540 - 2025-11-10 02:22:21
================================================================================
[ANALYZER] Keine Detections verfügbar

================================================================================
[ANALYZER] Zyklus #541 - 2025-11-10 02:22:51
================================================================================
[ANALYZER] Keine Detections verfügbar

================================================================================
[ANALYZER] Zyklus #542 - 2025-11-10 02:23:21
================================================================================
[ANALYZER] Keine Detections verfügbar

================================================================================
[ANALYZER] Zyklus #543 - 2025-11-10 02:23:51
================================================================================
[ANALYZER] Keine Detections verfügbar

================================================================================
[ANALYZER] Zyklus #544 - 2025-11-10 02:24:21
================================================================================
[ANALYZER] Keine Detections verfügbar

================================================================================
[ANALYZER] Zyklus #545 - 2025-11-10 02:24:51
================================================================================
[ANALYZER] Keine Detections verfügbar

================================================================================
[ANALYZER] Zyklus #546 - 2025-11-10 02:25:21
================================================================================
[ANALYZER] Keine Detections verfügbar

================================================================================
[ANALYZER] Zyklus #547 - 2025-11-10 02:25:51
================================================================================
[ANALYZER] Keine Detections verfügbar

================================================================================
[ANALYZER] Zyklus #548 - 2025-11-10 02:26:21
================================================================================
[ANALYZER] Keine Detections verfügbar

================================================================================
[ANALYZER] Zyklus #549 - 2025-11-10 02:26:51
================================================================================
[ANALYZER] Keine Detections verfügbar

================================================================================
[ANALYZER] Zyklus #550 - 2025-11-10 02:27:21
================================================================================
[ANALYZER] Keine Detections verfügbar

================================================================================
[ANALYZER] Zyklus #551 - 2025-11-10 02:27:51
================================================================================
[ANALYZER] Keine Detections verfügbar

================================================================================
[ANALYZER] Zyklus #552 - 2025-11-10 02:28:21
================================================================================
[ANALYZER] Keine Detections verfügbar

================================================================================
[ANALYZER] Zyklus #553 - 2025-11-10 02:28:51
================================================================================
[ANALYZER] Keine Detections verfügbar

================================================================================
[ANALYZER] Zyklus #554 - 2025-11-10 02:29:21
================================================================================
[ANALYZER] Keine Detections verfügbar

================================================================================
[ANALYZER] Zyklus #555 - 2025-11-10 02:29:51
================================================================================
[ANALYZER] Keine Detections verfügbar

================================================================================
[ANALYZER] Zyklus #556 - 2025-11-10 02:30:21
================================================================================
[ANALYZER] Keine Detections verfügbar

================================================================================
[ANALYZER] Zyklus #557 - 2025-11-10 02:30:51
================================================================================
[ANALYZER] Keine Detections verfügbar

================================================================================
[ANALYZER] Zyklus #558 - 2025-11-10 02:31:21
================================================================================
[ANALYZER] Keine Detections verfügbar

================================================================================
[ANALYZER] Zyklus #559 - 2025-11-10 02:31:51
================================================================================
[ANALYZER] Keine Detections verfügbar

================================================================================
[ANALYZER] Zyklus #560 - 2025-11-10 02:32:21
================================================================================
[ANALYZER] Keine Detections verfügbar

================================================================================
[ANALYZER] Zyklus #561 - 2025-11-10 02:32:51
================================================================================
[ANALYZER] Keine Detections verfügbar

================================================================================
[ANALYZER] Zyklus #562 - 2025-11-10 02:33:21
================================================================================
[ANALYZER] Keine Detections verfügbar

================================================================================
[ANALYZER] Zyklus #563 - 2025-11-10 02:33:51
================================================================================
[ANALYZER] Keine Detections verfügbar

================================================================================
[ANALYZER] Zyklus #564 - 2025-11-10 02:34:21
================================================================================
[ANALYZER] Keine Detections verfügbar

================================================================================
[ANALYZER] Zyklus #565 - 2025-11-10 02:34:51
================================================================================
[ANALYZER] Keine Detections verfügbar

================================================================================
[ANALYZER] Zyklus #566 - 2025-11-10 02:35:21
================================================================================
[ANALYZER] Keine Detections verfügbar

================================================================================
[ANALYZER] Zyklus #567 - 2025-11-10 02:35:51
================================================================================
[ANALYZER] Keine Detections verfügbar

================================================================================
[ANALYZER] Zyklus #568 - 2025-11-10 02:36:21
================================================================================
[ANALYZER] Keine Detections verfügbar

================================================================================
[ANALYZER] Zyklus #569 - 2025-11-10 02:36:51
================================================================================
[ANALYZER] Keine Detections verfügbar

================================================================================
[ANALYZER] Zyklus #570 - 2025-11-10 02:37:21
================================================================================
[ANALYZER] Keine Detections verfügbar

================================================================================
[ANALYZER] Zyklus #571 - 2025-11-10 02:37:51
================================================================================
[ANALYZER] Keine Detections verfügbar

================================================================================
[ANALYZER] Zyklus #572 - 2025-11-10 02:38:21
================================================================================
[ANALYZER] Keine Detections verfügbar

================================================================================
[ANALYZER] Zyklus #573 - 2025-11-10 02:38:51
================================================================================
[ANALYZER] Keine Detections verfügbar

================================================================================
[ANALYZER] Zyklus #574 - 2025-11-10 02:39:21
================================================================================
[ANALYZER] Keine Detections verfügbar

================================================================================
[ANALYZER] Zyklus #575 - 2025-11-10 02:39:51
================================================================================
[ANALYZER] Keine Detections verfügbar

================================================================================
[ANALYZER] Zyklus #576 - 2025-11-10 02:40:21
================================================================================
[ANALYZER] Keine Detections verfügbar

================================================================================
[ANALYZER] Zyklus #577 - 2025-11-10 02:40:51
================================================================================
[ANALYZER] Keine Detections verfügbar

================================================================================
[ANALYZER] Zyklus #578 - 2025-11-10 02:41:21
================================================================================
[ANALYZER] Keine Detections verfügbar

================================================================================
[ANALYZER] Zyklus #579 - 2025-11-10 02:41:51
================================================================================
[ANALYZER] Keine Detections verfügbar

================================================================================
[ANALYZER] Zyklus #580 - 2025-11-10 02:42:21
================================================================================
[ANALYZER] Keine Detections verfügbar

================================================================================
[ANALYZER] Zyklus #581 - 2025-11-10 02:42:51
================================================================================
[ANALYZER] Keine Detections verfügbar

================================================================================
[ANALYZER] Zyklus #582 - 2025-11-10 02:43:21
================================================================================
[ANALYZER] Keine Detections verfügbar

================================================================================
[ANALYZER] Zyklus #583 - 2025-11-10 02:43:51
================================================================================
[ANALYZER] Keine Detections verfügbar

================================================================================
[ANALYZER] Zyklus #584 - 2025-11-10 02:44:21
================================================================================
[ANALYZER] Keine Detections verfügbar

================================================================================
[ANALYZER] Zyklus #585 - 2025-11-10 02:44:51
================================================================================
[ANALYZER] Keine Detections verfügbar

================================================================================
[ANALYZER] Zyklus #586 - 2025-11-10 02:45:21
================================================================================
[ANALYZER] Keine Detections verfügbar

================================================================================
[ANALYZER] Zyklus #587 - 2025-11-10 02:45:51
================================================================================
[ANALYZER] Keine Detections verfügbar

================================================================================
[ANALYZER] Zyklus #588 - 2025-11-10 02:46:21
================================================================================
[ANALYZER] Keine Detections verfügbar

================================================================================
[ANALYZER] Zyklus #589 - 2025-11-10 02:46:51
================================================================================
[ANALYZER] Keine Detections verfügbar

================================================================================
[ANALYZER] Zyklus #590 - 2025-11-10 02:47:21
================================================================================
[ANALYZER] Keine Detections verfügbar

================================================================================
[ANALYZER] Zyklus #591 - 2025-11-10 02:47:51
================================================================================
[ANALYZER] Keine Detections verfügbar

================================================================================
[ANALYZER] Zyklus #592 - 2025-11-10 02:48:21
================================================================================
[ANALYZER] Keine Detections verfügbar

================================================================================
[ANALYZER] Zyklus #593 - 2025-11-10 02:48:51
================================================================================
[ANALYZER] Keine Detections verfügbar

================================================================================
[ANALYZER] Zyklus #594 - 2025-11-10 02:49:21
================================================================================
[ANALYZER] Keine Detections verfügbar

================================================================================
[ANALYZER] Zyklus #595 - 2025-11-10 02:49:51
================================================================================
[ANALYZER] Keine Detections verfügbar

================================================================================
[ANALYZER] Zyklus #596 - 2025-11-10 02:50:21
================================================================================
[ANALYZER] Keine Detections verfügbar

================================================================================
[ANALYZER] Zyklus #597 - 2025-11-10 02:50:51
================================================================================
[ANALYZER] Keine Detections verfügbar

================================================================================
[ANALYZER] Zyklus #598 - 2025-11-10 02:51:21
================================================================================
[ANALYZER] Keine Detections verfügbar

================================================================================
[ANALYZER] Zyklus #599 - 2025-11-10 02:51:51
================================================================================
[ANALYZER] Keine Detections verfügbar

================================================================================
[ANALYZER] Zyklus #600 - 2025-11-10 02:52:21
================================================================================
[ANALYZER] Keine Detections verfügbar

================================================================================
[ANALYZER] Zyklus #601 - 2025-11-10 02:52:51
================================================================================
[ANALYZER] Keine Detections verfügbar

================================================================================
[ANALYZER] Zyklus #602 - 2025-11-10 02:53:21
================================================================================
[ANALYZER] Keine Detections verfügbar

================================================================================
[ANALYZER] Zyklus #603 - 2025-11-10 02:53:51
================================================================================
[ANALYZER] Keine Detections verfügbar

================================================================================
[ANALYZER] Zyklus #604 - 2025-11-10 02:54:21
================================================================================
[ANALYZER] Keine Detections verfügbar

================================================================================
[ANALYZER] Zyklus #605 - 2025-11-10 02:54:51
================================================================================
[ANALYZER] Keine Detections verfügbar

================================================================================
[ANALYZER] Zyklus #606 - 2025-11-10 02:55:21
================================================================================
[ANALYZER] Keine Detections verfügbar

================================================================================
[ANALYZER] Zyklus #607 - 2025-11-10 02:55:51
================================================================================
[ANALYZER] Keine Detections verfügbar

================================================================================
[ANALYZER] Zyklus #608 - 2025-11-10 02:56:21
================================================================================
[ANALYZER] Keine Detections verfügbar

================================================================================
[ANALYZER] Zyklus #609 - 2025-11-10 02:56:51
================================================================================
[ANALYZER] Keine Detections verfügbar

================================================================================
[ANALYZER] Zyklus #610 - 2025-11-10 02:57:21
================================================================================
[ANALYZER] Keine Detections verfügbar

================================================================================
[ANALYZER] Zyklus #611 - 2025-11-10 02:57:51
================================================================================
[ANALYZER] Keine Detections verfügbar

================================================================================
[ANALYZER] Zyklus #612 - 2025-11-10 02:58:21
================================================================================
[ANALYZER] Keine Detections verfügbar

================================================================================
[ANALYZER] Zyklus #613 - 2025-11-10 02:58:51
================================================================================
[ANALYZER] Keine Detections verfügbar

================================================================================
[ANALYZER] Zyklus #614 - 2025-11-10 02:59:21
================================================================================
[ANALYZER] Keine Detections verfügbar

================================================================================
[ANALYZER] Zyklus #615 - 2025-11-10 02:59:51
================================================================================
[ANALYZER] Keine Detections verfügbar

================================================================================
[ANALYZER] Zyklus #616 - 2025-11-10 03:00:21
================================================================================
[ANALYZER] Keine Detections verfügbar

================================================================================
[ANALYZER] Zyklus #617 - 2025-11-10 03:00:51
================================================================================
[ANALYZER] Keine Detections verfügbar

================================================================================
[ANALYZER] Zyklus #618 - 2025-11-10 03:01:21
================================================================================
[ANALYZER] Keine Detections verfügbar

================================================================================
[ANALYZER] Zyklus #619 - 2025-11-10 03:01:51
================================================================================
[ANALYZER] Keine Detections verfügbar

================================================================================
[ANALYZER] Zyklus #620 - 2025-11-10 03:02:21
================================================================================
[ANALYZER] Keine Detections verfügbar

================================================================================
[ANALYZER] Zyklus #621 - 2025-11-10 03:02:51
================================================================================
[ANALYZER] Keine Detections verfügbar

================================================================================
[ANALYZER] Zyklus #622 - 2025-11-10 03:03:21
================================================================================
[ANALYZER] Keine Detections verfügbar

================================================================================
[ANALYZER] Zyklus #623 - 2025-11-10 03:03:51
================================================================================
[ANALYZER] Keine Detections verfügbar

================================================================================
[ANALYZER] Zyklus #624 - 2025-11-10 03:04:21
================================================================================
[ANALYZER] Keine Detections verfügbar

================================================================================
[ANALYZER] Zyklus #625 - 2025-11-10 03:04:51
================================================================================
[ANALYZER] Keine Detections verfügbar

================================================================================
[ANALYZER] Zyklus #626 - 2025-11-10 03:05:21
================================================================================
[ANALYZER] Keine Detections verfügbar

================================================================================
[ANALYZER] Zyklus #627 - 2025-11-10 03:05:51
================================================================================
[ANALYZER] Keine Detections verfügbar

================================================================================
[ANALYZER] Zyklus #628 - 2025-11-10 03:06:21
================================================================================
[ANALYZER] Keine Detections verfügbar

================================================================================
[ANALYZER] Zyklus #629 - 2025-11-10 03:06:51
================================================================================
[ANALYZER] Keine Detections verfügbar

================================================================================
[ANALYZER] Zyklus #630 - 2025-11-10 03:07:21
================================================================================
[ANALYZER] Keine Detections verfügbar

================================================================================
[ANALYZER] Zyklus #631 - 2025-11-10 03:07:51
================================================================================
[ANALYZER] Keine Detections verfügbar

================================================================================
[ANALYZER] Zyklus #632 - 2025-11-10 03:08:21
================================================================================
[ANALYZER] Keine Detections verfügbar

================================================================================
[ANALYZER] Zyklus #633 - 2025-11-10 03:08:51
================================================================================
[ANALYZER] Keine Detections verfügbar

================================================================================
[ANALYZER] Zyklus #634 - 2025-11-10 03:09:21
================================================================================
[ANALYZER] Keine Detections verfügbar

================================================================================
[ANALYZER] Zyklus #635 - 2025-11-10 03:09:51
================================================================================
[ANALYZER] Keine Detections verfügbar

================================================================================
[ANALYZER] Zyklus #636 - 2025-11-10 03:10:21
================================================================================
[ANALYZER] Keine Detections verfügbar

================================================================================
[ANALYZER] Zyklus #637 - 2025-11-10 03:10:51
================================================================================
[ANALYZER] Keine Detections verfügbar

================================================================================
[ANALYZER] Zyklus #638 - 2025-11-10 03:11:21
================================================================================
[ANALYZER] Keine Detections verfügbar

================================================================================
[ANALYZER] Zyklus #639 - 2025-11-10 03:11:51
================================================================================
[ANALYZER] Keine Detections verfügbar

================================================================================
[ANALYZER] Zyklus #640 - 2025-11-10 03:12:21
================================================================================
[ANALYZER] Keine Detections verfügbar

================================================================================
[ANALYZER] Zyklus #641 - 2025-11-10 03:12:51
================================================================================
[ANALYZER] Keine Detections verfügbar

================================================================================
[ANALYZER] Zyklus #642 - 2025-11-10 03:13:21
================================================================================
[ANALYZER] Keine Detections verfügbar

================================================================================
[ANALYZER] Zyklus #643 - 2025-11-10 03:13:51
================================================================================
[ANALYZER] Keine Detections verfügbar

================================================================================
[ANALYZER] Zyklus #644 - 2025-11-10 03:14:21
================================================================================
[ANALYZER] Keine Detections verfügbar

================================================================================
[ANALYZER] Zyklus #645 - 2025-11-10 03:14:51
================================================================================
[ANALYZER] Keine Detections verfügbar

================================================================================
[ANALYZER] Zyklus #646 - 2025-11-10 03:15:21
================================================================================
[ANALYZER] Keine Detections verfügbar

================================================================================
[ANALYZER] Zyklus #647 - 2025-11-10 03:15:51
================================================================================
[ANALYZER] Keine Detections verfügbar

================================================================================
[ANALYZER] Zyklus #648 - 2025-11-10 03:16:21
================================================================================
[ANALYZER] Keine Detections verfügbar

================================================================================
[ANALYZER] Zyklus #649 - 2025-11-10 03:16:51
================================================================================
[ANALYZER] Keine Detections verfügbar

================================================================================
[ANALYZER] Zyklus #650 - 2025-11-10 03:17:21
================================================================================
[ANALYZER] Keine Detections verfügbar

================================================================================
[ANALYZER] Zyklus #651 - 2025-11-10 03:17:51
================================================================================
[ANALYZER] Keine Detections verfügbar

================================================================================
[ANALYZER] Zyklus #652 - 2025-11-10 03:18:21
================================================================================
[ANALYZER] Keine Detections verfügbar

================================================================================
[ANALYZER] Zyklus #653 - 2025-11-10 03:18:51
================================================================================
[ANALYZER] Keine Detections verfügbar

================================================================================
[ANALYZER] Zyklus #654 - 2025-11-10 03:19:21
================================================================================
[ANALYZER] Keine Detections verfügbar

================================================================================
[ANALYZER] Zyklus #655 - 2025-11-10 03:19:51
================================================================================
[ANALYZER] Keine Detections verfügbar

================================================================================
[ANALYZER] Zyklus #656 - 2025-11-10 03:20:21
================================================================================
[ANALYZER] Keine Detections verfügbar

================================================================================
[ANALYZER] Zyklus #657 - 2025-11-10 03:20:51
================================================================================
[ANALYZER] Keine Detections verfügbar

================================================================================
[ANALYZER] Zyklus #658 - 2025-11-10 03:21:21
================================================================================
[ANALYZER] Keine Detections verfügbar

================================================================================
[ANALYZER] Zyklus #659 - 2025-11-10 03:21:51
================================================================================
[ANALYZER] Keine Detections verfügbar

================================================================================
[ANALYZER] Zyklus #660 - 2025-11-10 03:22:21
================================================================================
[ANALYZER] Keine Detections verfügbar

================================================================================
[ANALYZER] Zyklus #661 - 2025-11-10 03:22:51
================================================================================
[ANALYZER] Keine Detections verfügbar

================================================================================
[ANALYZER] Zyklus #662 - 2025-11-10 03:23:21
================================================================================
[ANALYZER] Keine Detections verfügbar

================================================================================
[ANALYZER] Zyklus #663 - 2025-11-10 03:23:51
================================================================================
[ANALYZER] Keine Detections verfügbar

================================================================================
[ANALYZER] Zyklus #664 - 2025-11-10 03:24:21
================================================================================
[ANALYZER] Keine Detections verfügbar

================================================================================
[ANALYZER] Zyklus #665 - 2025-11-10 03:24:51
================================================================================
[ANALYZER] Keine Detections verfügbar

================================================================================
[ANALYZER] Zyklus #666 - 2025-11-10 03:25:21
================================================================================
[ANALYZER] Keine Detections verfügbar

================================================================================
[ANALYZER] Zyklus #667 - 2025-11-10 03:25:51
================================================================================
[ANALYZER] Keine Detections verfügbar

================================================================================
[ANALYZER] Zyklus #668 - 2025-11-10 03:26:21
================================================================================
[ANALYZER] Keine Detections verfügbar

================================================================================
[ANALYZER] Zyklus #669 - 2025-11-10 03:26:51
================================================================================
[ANALYZER] Keine Detections verfügbar

================================================================================
[ANALYZER] Zyklus #670 - 2025-11-10 03:27:21
================================================================================
[ANALYZER] Keine Detections verfügbar

================================================================================
[ANALYZER] Zyklus #671 - 2025-11-10 03:27:51
================================================================================
[ANALYZER] Keine Detections verfügbar

================================================================================
[ANALYZER] Zyklus #672 - 2025-11-10 03:28:21
================================================================================
[ANALYZER] Keine Detections verfügbar

================================================================================
[ANALYZER] Zyklus #673 - 2025-11-10 03:28:51
================================================================================
[ANALYZER] Keine Detections verfügbar

================================================================================
[ANALYZER] Zyklus #674 - 2025-11-10 03:29:21
================================================================================
[ANALYZER] Keine Detections verfügbar

================================================================================
[ANALYZER] Zyklus #675 - 2025-11-10 03:29:51
================================================================================
[ANALYZER] Keine Detections verfügbar

================================================================================
[ANALYZER] Zyklus #676 - 2025-11-10 03:30:21
================================================================================
[ANALYZER] Keine Detections verfügbar

================================================================================
[ANALYZER] Zyklus #677 - 2025-11-10 03:30:51
================================================================================
[ANALYZER] Keine Detections verfügbar

================================================================================
[ANALYZER] Zyklus #678 - 2025-11-10 03:31:21
================================================================================
[ANALYZER] Keine Detections verfügbar

================================================================================
[ANALYZER] Zyklus #679 - 2025-11-10 03:31:51
================================================================================
[ANALYZER] Keine Detections verfügbar

================================================================================
[ANALYZER] Zyklus #680 - 2025-11-10 03:32:21
================================================================================
[ANALYZER] Keine Detections verfügbar

================================================================================
[ANALYZER] Zyklus #681 - 2025-11-10 03:32:51
================================================================================
[ANALYZER] Keine Detections verfügbar

================================================================================
[ANALYZER] Zyklus #682 - 2025-11-10 03:33:21
================================================================================
[ANALYZER] Keine Detections verfügbar

================================================================================
[ANALYZER] Zyklus #683 - 2025-11-10 03:33:51
================================================================================
[ANALYZER] Keine Detections verfügbar

================================================================================
[ANALYZER] Zyklus #684 - 2025-11-10 03:34:21
================================================================================
[ANALYZER] Keine Detections verfügbar

================================================================================
[ANALYZER] Zyklus #685 - 2025-11-10 03:34:51
================================================================================
[ANALYZER] Keine Detections verfügbar

================================================================================
[ANALYZER] Zyklus #686 - 2025-11-10 03:35:21
================================================================================
[ANALYZER] Keine Detections verfügbar

================================================================================
[ANALYZER] Zyklus #687 - 2025-11-10 03:35:51
================================================================================
[ANALYZER] Keine Detections verfügbar

================================================================================
[ANALYZER] Zyklus #688 - 2025-11-10 03:36:21
================================================================================
[ANALYZER] Keine Detections verfügbar

================================================================================
[ANALYZER] Zyklus #689 - 2025-11-10 03:36:51
================================================================================
[ANALYZER] Keine Detections verfügbar

================================================================================
[ANALYZER] Zyklus #690 - 2025-11-10 03:37:21
================================================================================
[ANALYZER] Keine Detections verfügbar

================================================================================
[ANALYZER] Zyklus #691 - 2025-11-10 03:37:51
================================================================================
[ANALYZER] Keine Detections verfügbar

================================================================================
[ANALYZER] Zyklus #692 - 2025-11-10 03:38:22
================================================================================
[ANALYZER] Keine Detections verfügbar

================================================================================
[ANALYZER] Zyklus #693 - 2025-11-10 03:38:52
================================================================================
[ANALYZER] Keine Detections verfügbar

================================================================================
[ANALYZER] Zyklus #694 - 2025-11-10 03:39:22
================================================================================
[ANALYZER] Keine Detections verfügbar

================================================================================
[ANALYZER] Zyklus #695 - 2025-11-10 03:39:52
================================================================================
[ANALYZER] Keine Detections verfügbar

================================================================================
[ANALYZER] Zyklus #696 - 2025-11-10 03:40:22
================================================================================
[ANALYZER] Keine Detections verfügbar

================================================================================
[ANALYZER] Zyklus #697 - 2025-11-10 03:40:52
================================================================================
[ANALYZER] Keine Detections verfügbar

================================================================================
[ANALYZER] Zyklus #698 - 2025-11-10 03:41:22
================================================================================
[ANALYZER] Keine Detections verfügbar

================================================================================
[ANALYZER] Zyklus #699 - 2025-11-10 03:41:52
================================================================================
[ANALYZER] Keine Detections verfügbar

================================================================================
[ANALYZER] Zyklus #700 - 2025-11-10 03:42:22
================================================================================
[ANALYZER] Keine Detections verfügbar

================================================================================
[ANALYZER] Zyklus #701 - 2025-11-10 03:42:52
================================================================================
[ANALYZER] Keine Detections verfügbar

================================================================================
[ANALYZER] Zyklus #702 - 2025-11-10 03:43:22
================================================================================
[ANALYZER] Keine Detections verfügbar

================================================================================
[ANALYZER] Zyklus #703 - 2025-11-10 03:43:52
================================================================================
[ANALYZER] Keine Detections verfügbar

================================================================================
[ANALYZER] Zyklus #704 - 2025-11-10 03:44:22
================================================================================
[ANALYZER] Keine Detections verfügbar

================================================================================
[ANALYZER] Zyklus #705 - 2025-11-10 03:44:52
================================================================================
[ANALYZER] Keine Detections verfügbar

================================================================================
[ANALYZER] Zyklus #706 - 2025-11-10 03:45:22
================================================================================
[ANALYZER] Keine Detections verfügbar

================================================================================
[ANALYZER] Zyklus #707 - 2025-11-10 03:45:52
================================================================================
[ANALYZER] Keine Detections verfügbar

================================================================================
[ANALYZER] Zyklus #708 - 2025-11-10 03:46:22
================================================================================
[ANALYZER] Keine Detections verfügbar

================================================================================
[ANALYZER] Zyklus #709 - 2025-11-10 03:46:52
================================================================================
[ANALYZER] Keine Detections verfügbar

================================================================================
[ANALYZER] Zyklus #710 - 2025-11-10 03:47:22
================================================================================
[ANALYZER] Keine Detections verfügbar

================================================================================
[ANALYZER] Zyklus #711 - 2025-11-10 03:47:52
================================================================================
[ANALYZER] Keine Detections verfügbar

================================================================================
[ANALYZER] Zyklus #712 - 2025-11-10 03:48:22
================================================================================
[ANALYZER] Keine Detections verfügbar

================================================================================
[ANALYZER] Zyklus #713 - 2025-11-10 03:48:52
================================================================================
[ANALYZER] Keine Detections verfügbar

================================================================================
[ANALYZER] Zyklus #714 - 2025-11-10 03:49:22
================================================================================
[ANALYZER] Keine Detections verfügbar

================================================================================
[ANALYZER] Zyklus #715 - 2025-11-10 03:49:52
================================================================================
[ANALYZER] Keine Detections verfügbar

================================================================================
[ANALYZER] Zyklus #716 - 2025-11-10 03:50:22
================================================================================
[ANALYZER] Keine Detections verfügbar

================================================================================
[ANALYZER] Zyklus #717 - 2025-11-10 03:50:52
================================================================================
[ANALYZER] Keine Detections verfügbar

================================================================================
[ANALYZER] Zyklus #718 - 2025-11-10 03:51:22
================================================================================
[ANALYZER] Keine Detections verfügbar

================================================================================
[ANALYZER] Zyklus #719 - 2025-11-10 03:51:52
================================================================================
[ANALYZER] Keine Detections verfügbar

================================================================================
[ANALYZER] Zyklus #720 - 2025-11-10 03:52:22
================================================================================
[ANALYZER] Keine Detections verfügbar

================================================================================
[ANALYZER] Zyklus #721 - 2025-11-10 03:52:52
================================================================================
[ANALYZER] Keine Detections verfügbar

================================================================================
[ANALYZER] Zyklus #722 - 2025-11-10 03:53:22
================================================================================
[ANALYZER] Keine Detections verfügbar

================================================================================
[ANALYZER] Zyklus #723 - 2025-11-10 03:53:52
================================================================================
[ANALYZER] Keine Detections verfügbar

================================================================================
[ANALYZER] Zyklus #724 - 2025-11-10 03:54:22
================================================================================
[ANALYZER] Keine Detections verfügbar

================================================================================
[ANALYZER] Zyklus #725 - 2025-11-10 03:54:52
================================================================================
[ANALYZER] Keine Detections verfügbar

================================================================================
[ANALYZER] Zyklus #726 - 2025-11-10 03:55:22
================================================================================
[ANALYZER] Keine Detections verfügbar

================================================================================
[ANALYZER] Zyklus #727 - 2025-11-10 03:55:52
================================================================================
[ANALYZER] Keine Detections verfügbar

================================================================================
[ANALYZER] Zyklus #728 - 2025-11-10 03:56:22
================================================================================
[ANALYZER] Keine Detections verfügbar

================================================================================
[ANALYZER] Zyklus #729 - 2025-11-10 03:56:52
================================================================================
[ANALYZER] Keine Detections verfügbar

================================================================================
[ANALYZER] Zyklus #730 - 2025-11-10 03:57:22
================================================================================
[ANALYZER] Keine Detections verfügbar

================================================================================
[ANALYZER] Zyklus #731 - 2025-11-10 03:57:52
================================================================================
[ANALYZER] Keine Detections verfügbar

================================================================================
[ANALYZER] Zyklus #732 - 2025-11-10 03:58:22
================================================================================
[ANALYZER] Keine Detections verfügbar

================================================================================
[ANALYZER] Zyklus #733 - 2025-11-10 03:58:52
================================================================================
[ANALYZER] Keine Detections verfügbar

================================================================================
[ANALYZER] Zyklus #734 - 2025-11-10 03:59:22
================================================================================
[ANALYZER] Keine Detections verfügbar

================================================================================
[ANALYZER] Zyklus #735 - 2025-11-10 03:59:52
================================================================================
[ANALYZER] Keine Detections verfügbar

================================================================================
[ANALYZER] Zyklus #736 - 2025-11-10 04:00:22
================================================================================
[ANALYZER] Keine Detections verfügbar

================================================================================
[ANALYZER] Zyklus #737 - 2025-11-10 04:00:52
================================================================================
[ANALYZER] Keine Detections verfügbar

================================================================================
[ANALYZER] Zyklus #738 - 2025-11-10 04:01:22
================================================================================
[ANALYZER] Keine Detections verfügbar

================================================================================
[ANALYZER] Zyklus #739 - 2025-11-10 04:01:52
================================================================================
[ANALYZER] Keine Detections verfügbar

================================================================================
[ANALYZER] Zyklus #740 - 2025-11-10 04:02:22
================================================================================
[ANALYZER] Keine Detections verfügbar

================================================================================
[ANALYZER] Zyklus #741 - 2025-11-10 04:02:52
================================================================================
[ANALYZER] Keine Detections verfügbar

================================================================================
[ANALYZER] Zyklus #742 - 2025-11-10 04:03:22
================================================================================
[ANALYZER] Keine Detections verfügbar

================================================================================
[ANALYZER] Zyklus #743 - 2025-11-10 04:03:52
================================================================================
[ANALYZER] Keine Detections verfügbar

================================================================================
[ANALYZER] Zyklus #744 - 2025-11-10 04:04:22
================================================================================
[ANALYZER] Keine Detections verfügbar

================================================================================
[ANALYZER] Zyklus #745 - 2025-11-10 04:04:52
================================================================================
[ANALYZER] Keine Detections verfügbar

================================================================================
[ANALYZER] Zyklus #746 - 2025-11-10 04:05:22
================================================================================
[ANALYZER] Keine Detections verfügbar

================================================================================
[ANALYZER] Zyklus #747 - 2025-11-10 04:05:52
================================================================================
[ANALYZER] Keine Detections verfügbar

================================================================================
[ANALYZER] Zyklus #748 - 2025-11-10 04:06:22
================================================================================
[ANALYZER] Keine Detections verfügbar

================================================================================
[ANALYZER] Zyklus #749 - 2025-11-10 04:06:52
================================================================================
[ANALYZER] Keine Detections verfügbar

================================================================================
[ANALYZER] Zyklus #750 - 2025-11-10 04:07:22
================================================================================
[ANALYZER] Keine Detections verfügbar

================================================================================
[ANALYZER] Zyklus #751 - 2025-11-10 04:07:52
================================================================================
[ANALYZER] Keine Detections verfügbar

================================================================================
[ANALYZER] Zyklus #752 - 2025-11-10 04:08:22
================================================================================
[ANALYZER] Keine Detections verfügbar

================================================================================
[ANALYZER] Zyklus #753 - 2025-11-10 04:08:52
================================================================================
[ANALYZER] Keine Detections verfügbar

================================================================================
[ANALYZER] Zyklus #754 - 2025-11-10 04:09:22
================================================================================
[ANALYZER] Keine Detections verfügbar

================================================================================
[ANALYZER] Zyklus #755 - 2025-11-10 04:09:52
================================================================================
[ANALYZER] Keine Detections verfügbar

================================================================================
[ANALYZER] Zyklus #756 - 2025-11-10 04:10:22
================================================================================
[ANALYZER] Keine Detections verfügbar

================================================================================
[ANALYZER] Zyklus #757 - 2025-11-10 04:10:52
================================================================================
[ANALYZER] Keine Detections verfügbar

================================================================================
[ANALYZER] Zyklus #758 - 2025-11-10 04:11:22
================================================================================
[ANALYZER] Keine Detections verfügbar

================================================================================
[ANALYZER] Zyklus #759 - 2025-11-10 04:11:52
================================================================================
[ANALYZER] Keine Detections verfügbar

================================================================================
[ANALYZER] Zyklus #760 - 2025-11-10 04:12:22
================================================================================
[ANALYZER] Keine Detections verfügbar

================================================================================
[ANALYZER] Zyklus #761 - 2025-11-10 04:12:52
================================================================================
[ANALYZER] Keine Detections verfügbar

================================================================================
[ANALYZER] Zyklus #762 - 2025-11-10 04:13:22
================================================================================
[ANALYZER] Keine Detections verfügbar

================================================================================
[ANALYZER] Zyklus #763 - 2025-11-10 04:13:52
================================================================================
[ANALYZER] Keine Detections verfügbar

================================================================================
[ANALYZER] Zyklus #764 - 2025-11-10 04:14:22
================================================================================
[ANALYZER] Keine Detections verfügbar

================================================================================
[ANALYZER] Zyklus #765 - 2025-11-10 04:14:52
================================================================================
[ANALYZER] Keine Detections verfügbar

================================================================================
[ANALYZER] Zyklus #766 - 2025-11-10 04:15:22
================================================================================
[ANALYZER] Keine Detections verfügbar

================================================================================
[ANALYZER] Zyklus #767 - 2025-11-10 04:15:52
================================================================================
[ANALYZER] Keine Detections verfügbar

================================================================================
[ANALYZER] Zyklus #768 - 2025-11-10 04:16:22
================================================================================
[ANALYZER] Keine Detections verfügbar

================================================================================
[ANALYZER] Zyklus #769 - 2025-11-10 04:16:52
================================================================================
[ANALYZER] Keine Detections verfügbar

================================================================================
[ANALYZER] Zyklus #770 - 2025-11-10 04:17:22
================================================================================
[ANALYZER] Keine Detections verfügbar

================================================================================
[ANALYZER] Zyklus #771 - 2025-11-10 04:17:52
================================================================================
[ANALYZER] Keine Detections verfügbar

================================================================================
[ANALYZER] Zyklus #772 - 2025-11-10 04:18:22
================================================================================
[ANALYZER] Keine Detections verfügbar

================================================================================
[ANALYZER] Zyklus #773 - 2025-11-10 04:18:52
================================================================================
[ANALYZER] Keine Detections verfügbar

================================================================================
[ANALYZER] Zyklus #774 - 2025-11-10 04:19:22
================================================================================
[ANALYZER] Keine Detections verfügbar

================================================================================
[ANALYZER] Zyklus #775 - 2025-11-10 04:19:52
================================================================================
[ANALYZER] Keine Detections verfügbar

================================================================================
[ANALYZER] Zyklus #776 - 2025-11-10 04:20:22
================================================================================
[ANALYZER] Keine Detections verfügbar

================================================================================
[ANALYZER] Zyklus #777 - 2025-11-10 04:20:52
================================================================================
[ANALYZER] Keine Detections verfügbar

================================================================================
[ANALYZER] Zyklus #778 - 2025-11-10 04:21:22
================================================================================
[ANALYZER] Keine Detections verfügbar

================================================================================
[ANALYZER] Zyklus #779 - 2025-11-10 04:21:52
================================================================================
[ANALYZER] Keine Detections verfügbar

================================================================================
[ANALYZER] Zyklus #780 - 2025-11-10 04:22:22
================================================================================
[ANALYZER] Keine Detections verfügbar

================================================================================
[ANALYZER] Zyklus #781 - 2025-11-10 04:22:52
================================================================================
[ANALYZER] Keine Detections verfügbar

================================================================================
[ANALYZER] Zyklus #782 - 2025-11-10 04:23:22
================================================================================
[ANALYZER] Keine Detections verfügbar

================================================================================
[ANALYZER] Zyklus #783 - 2025-11-10 04:23:52
================================================================================
[ANALYZER] Keine Detections verfügbar

================================================================================
[ANALYZER] Zyklus #784 - 2025-11-10 04:24:22
================================================================================
[ANALYZER] Keine Detections verfügbar

================================================================================
[ANALYZER] Zyklus #785 - 2025-11-10 04:24:52
================================================================================
[ANALYZER] Keine Detections verfügbar

================================================================================
[ANALYZER] Zyklus #786 - 2025-11-10 04:25:22
================================================================================
[ANALYZER] Keine Detections verfügbar

================================================================================
[ANALYZER] Zyklus #787 - 2025-11-10 04:25:52
================================================================================
[ANALYZER] Keine Detections verfügbar

================================================================================
[ANALYZER] Zyklus #788 - 2025-11-10 04:26:22
================================================================================
[ANALYZER] Keine Detections verfügbar

================================================================================
[ANALYZER] Zyklus #789 - 2025-11-10 04:26:52
================================================================================
[ANALYZER] Keine Detections verfügbar

================================================================================
[ANALYZER] Zyklus #790 - 2025-11-10 04:27:22
================================================================================
[ANALYZER] Keine Detections verfügbar

================================================================================
[ANALYZER] Zyklus #791 - 2025-11-10 04:27:52
================================================================================
[ANALYZER] Keine Detections verfügbar

================================================================================
[ANALYZER] Zyklus #792 - 2025-11-10 04:28:22
================================================================================
[ANALYZER] Keine Detections verfügbar

================================================================================
[ANALYZER] Zyklus #793 - 2025-11-10 04:28:52
================================================================================
[ANALYZER] Keine Detections verfügbar

================================================================================
[ANALYZER] Zyklus #794 - 2025-11-10 04:29:22
================================================================================
[ANALYZER] Keine Detections verfügbar

================================================================================
[ANALYZER] Zyklus #795 - 2025-11-10 04:29:52
================================================================================
[ANALYZER] Keine Detections verfügbar

================================================================================
[ANALYZER] Zyklus #796 - 2025-11-10 04:30:22
================================================================================
[ANALYZER] Keine Detections verfügbar

================================================================================
[ANALYZER] Zyklus #797 - 2025-11-10 04:30:52
================================================================================
[ANALYZER] Keine Detections verfügbar

================================================================================
[ANALYZER] Zyklus #798 - 2025-11-10 04:31:22
================================================================================
[ANALYZER] Keine Detections verfügbar

================================================================================
[ANALYZER] Zyklus #799 - 2025-11-10 04:31:52
================================================================================
[ANALYZER] Keine Detections verfügbar

================================================================================
[ANALYZER] Zyklus #800 - 2025-11-10 04:32:22
================================================================================
[ANALYZER] Keine Detections verfügbar

================================================================================
[ANALYZER] Zyklus #801 - 2025-11-10 04:32:52
================================================================================
[ANALYZER] Keine Detections verfügbar

================================================================================
[ANALYZER] Zyklus #802 - 2025-11-10 04:33:22
================================================================================
[ANALYZER] Keine Detections verfügbar

================================================================================
[ANALYZER] Zyklus #803 - 2025-11-10 04:33:52
================================================================================
[ANALYZER] Keine Detections verfügbar

================================================================================
[ANALYZER] Zyklus #804 - 2025-11-10 04:34:22
================================================================================
[ANALYZER] Keine Detections verfügbar

================================================================================
[ANALYZER] Zyklus #805 - 2025-11-10 04:34:52
================================================================================
[ANALYZER] Keine Detections verfügbar

================================================================================
[ANALYZER] Zyklus #806 - 2025-11-10 04:35:22
================================================================================
[ANALYZER] Keine Detections verfügbar

================================================================================
[ANALYZER] Zyklus #807 - 2025-11-10 04:35:52
================================================================================
[ANALYZER] Keine Detections verfügbar

================================================================================
[ANALYZER] Zyklus #808 - 2025-11-10 04:36:22
================================================================================
[ANALYZER] Keine Detections verfügbar

================================================================================
[ANALYZER] Zyklus #809 - 2025-11-10 04:36:52
================================================================================
[ANALYZER] Keine Detections verfügbar

================================================================================
[ANALYZER] Zyklus #810 - 2025-11-10 04:37:22
================================================================================
[ANALYZER] Keine Detections verfügbar

================================================================================
[ANALYZER] Zyklus #811 - 2025-11-10 04:37:52
================================================================================
[ANALYZER] Keine Detections verfügbar

================================================================================
[ANALYZER] Zyklus #812 - 2025-11-10 04:38:22
================================================================================
[ANALYZER] Keine Detections verfügbar

================================================================================
[ANALYZER] Zyklus #813 - 2025-11-10 04:38:52
================================================================================
[ANALYZER] Keine Detections verfügbar

================================================================================
[ANALYZER] Zyklus #814 - 2025-11-10 04:39:22
================================================================================
[ANALYZER] Keine Detections verfügbar

================================================================================
[ANALYZER] Zyklus #815 - 2025-11-10 04:39:52
================================================================================
[ANALYZER] Keine Detections verfügbar

================================================================================
[ANALYZER] Zyklus #816 - 2025-11-10 04:40:22
================================================================================
[ANALYZER] Keine Detections verfügbar

================================================================================
[ANALYZER] Zyklus #817 - 2025-11-10 04:40:52
================================================================================
[ANALYZER] Keine Detections verfügbar

================================================================================
[ANALYZER] Zyklus #818 - 2025-11-10 04:41:22
================================================================================
[ANALYZER] Keine Detections verfügbar

================================================================================
[ANALYZER] Zyklus #819 - 2025-11-10 04:41:52
================================================================================
[ANALYZER] Keine Detections verfügbar

================================================================================
[ANALYZER] Zyklus #820 - 2025-11-10 04:42:22
================================================================================
[ANALYZER] Keine Detections verfügbar

================================================================================
[ANALYZER] Zyklus #821 - 2025-11-10 04:42:52
================================================================================
[ANALYZER] Keine Detections verfügbar

================================================================================
[ANALYZER] Zyklus #822 - 2025-11-10 04:43:22
================================================================================
[ANALYZER] Keine Detections verfügbar

================================================================================
[ANALYZER] Zyklus #823 - 2025-11-10 04:43:52
================================================================================
[ANALYZER] Keine Detections verfügbar

================================================================================
[ANALYZER] Zyklus #824 - 2025-11-10 04:44:22
================================================================================
[ANALYZER] Keine Detections verfügbar

================================================================================
[ANALYZER] Zyklus #825 - 2025-11-10 04:44:52
================================================================================
[ANALYZER] Keine Detections verfügbar

================================================================================
[ANALYZER] Zyklus #826 - 2025-11-10 04:45:22
================================================================================
[ANALYZER] Keine Detections verfügbar

================================================================================
[ANALYZER] Zyklus #827 - 2025-11-10 04:45:52
================================================================================
[ANALYZER] Keine Detections verfügbar

================================================================================
[ANALYZER] Zyklus #828 - 2025-11-10 04:46:22
================================================================================
[ANALYZER] Keine Detections verfügbar

================================================================================
[ANALYZER] Zyklus #829 - 2025-11-10 04:46:52
================================================================================
[ANALYZER] Keine Detections verfügbar

================================================================================
[ANALYZER] Zyklus #830 - 2025-11-10 04:47:22
================================================================================
[ANALYZER] Keine Detections verfügbar

================================================================================
[ANALYZER] Zyklus #831 - 2025-11-10 04:47:52
================================================================================
[ANALYZER] Keine Detections verfügbar

================================================================================
[ANALYZER] Zyklus #832 - 2025-11-10 04:48:22
================================================================================
[ANALYZER] Keine Detections verfügbar

================================================================================
[ANALYZER] Zyklus #833 - 2025-11-10 04:48:52
================================================================================
[ANALYZER] Keine Detections verfügbar

================================================================================
[ANALYZER] Zyklus #834 - 2025-11-10 04:49:22
================================================================================
[ANALYZER] Keine Detections verfügbar

================================================================================
[ANALYZER] Zyklus #835 - 2025-11-10 04:49:52
================================================================================
[ANALYZER] Keine Detections verfügbar

================================================================================
[ANALYZER] Zyklus #836 - 2025-11-10 04:50:22
================================================================================
[ANALYZER] Keine Detections verfügbar

================================================================================
[ANALYZER] Zyklus #837 - 2025-11-10 04:50:52
================================================================================
[ANALYZER] Keine Detections verfügbar

================================================================================
[ANALYZER] Zyklus #838 - 2025-11-10 04:51:22
================================================================================
[ANALYZER] Keine Detections verfügbar

================================================================================
[ANALYZER] Zyklus #839 - 2025-11-10 04:51:52
================================================================================
[ANALYZER] Keine Detections verfügbar

================================================================================
[ANALYZER] Zyklus #840 - 2025-11-10 04:52:22
================================================================================
[ANALYZER] Keine Detections verfügbar

================================================================================
[ANALYZER] Zyklus #841 - 2025-11-10 04:52:52
================================================================================
[ANALYZER] Keine Detections verfügbar

================================================================================
[ANALYZER] Zyklus #842 - 2025-11-10 04:53:22
================================================================================
[ANALYZER] Keine Detections verfügbar

================================================================================
[ANALYZER] Zyklus #843 - 2025-11-10 04:53:52
================================================================================
[ANALYZER] Keine Detections verfügbar

================================================================================
[ANALYZER] Zyklus #844 - 2025-11-10 04:54:22
================================================================================
[ANALYZER] Keine Detections verfügbar

================================================================================
[ANALYZER] Zyklus #845 - 2025-11-10 04:54:52
================================================================================
[ANALYZER] Keine Detections verfügbar

================================================================================
[ANALYZER] Zyklus #846 - 2025-11-10 04:55:22
================================================================================
[ANALYZER] Keine Detections verfügbar

================================================================================
[ANALYZER] Zyklus #847 - 2025-11-10 04:55:52
================================================================================
[ANALYZER] Keine Detections verfügbar

================================================================================
[ANALYZER] Zyklus #848 - 2025-11-10 04:56:22
================================================================================
[ANALYZER] Keine Detections verfügbar

================================================================================
[ANALYZER] Zyklus #849 - 2025-11-10 04:56:52
================================================================================
[ANALYZER] Keine Detections verfügbar

================================================================================
[ANALYZER] Zyklus #850 - 2025-11-10 04:57:22
================================================================================
[ANALYZER] Keine Detections verfügbar

================================================================================
[ANALYZER] Zyklus #851 - 2025-11-10 04:57:52
================================================================================
[ANALYZER] Keine Detections verfügbar

================================================================================
[ANALYZER] Zyklus #852 - 2025-11-10 04:58:22
================================================================================
[ANALYZER] Keine Detections verfügbar

================================================================================
[ANALYZER] Zyklus #853 - 2025-11-10 04:58:52
================================================================================
[ANALYZER] Keine Detections verfügbar

================================================================================
[ANALYZER] Zyklus #854 - 2025-11-10 04:59:22
================================================================================
[ANALYZER] Keine Detections verfügbar

================================================================================
[ANALYZER] Zyklus #855 - 2025-11-10 04:59:52
================================================================================
[ANALYZER] Keine Detections verfügbar

================================================================================
[ANALYZER] Zyklus #856 - 2025-11-10 05:00:22
================================================================================
[ANALYZER] Keine Detections verfügbar

================================================================================
[ANALYZER] Zyklus #857 - 2025-11-10 05:00:52
================================================================================
[ANALYZER] Keine Detections verfügbar

================================================================================
[ANALYZER] Zyklus #858 - 2025-11-10 05:01:22
================================================================================
[ANALYZER] Keine Detections verfügbar

================================================================================
[ANALYZER] Zyklus #859 - 2025-11-10 05:01:52
================================================================================
[ANALYZER] Keine Detections verfügbar

================================================================================
[ANALYZER] Zyklus #860 - 2025-11-10 05:02:22
================================================================================
[ANALYZER] Keine Detections verfügbar

================================================================================
[ANALYZER] Zyklus #861 - 2025-11-10 05:02:52
================================================================================
[ANALYZER] Keine Detections verfügbar

================================================================================
[ANALYZER] Zyklus #862 - 2025-11-10 05:03:22
================================================================================
[ANALYZER] Keine Detections verfügbar

================================================================================
[ANALYZER] Zyklus #863 - 2025-11-10 05:03:52
================================================================================
[ANALYZER] Keine Detections verfügbar

================================================================================
[ANALYZER] Zyklus #864 - 2025-11-10 05:04:22
================================================================================
[ANALYZER] Keine Detections verfügbar

================================================================================
[ANALYZER] Zyklus #865 - 2025-11-10 05:04:52
================================================================================
[ANALYZER] Keine Detections verfügbar

================================================================================
[ANALYZER] Zyklus #866 - 2025-11-10 05:05:22
================================================================================
[ANALYZER] Keine Detections verfügbar

================================================================================
[ANALYZER] Zyklus #867 - 2025-11-10 05:05:52
================================================================================
[ANALYZER] Keine Detections verfügbar

================================================================================
[ANALYZER] Zyklus #868 - 2025-11-10 05:06:22
================================================================================
[ANALYZER] Keine Detections verfügbar

================================================================================
[ANALYZER] Zyklus #869 - 2025-11-10 05:06:52
================================================================================
[ANALYZER] Keine Detections verfügbar

================================================================================
[ANALYZER] Zyklus #870 - 2025-11-10 05:07:22
================================================================================
[ANALYZER] Keine Detections verfügbar

================================================================================
[ANALYZER] Zyklus #871 - 2025-11-10 05:07:52
================================================================================
[ANALYZER] Keine Detections verfügbar

================================================================================
[ANALYZER] Zyklus #872 - 2025-11-10 05:08:22
================================================================================
[ANALYZER] Keine Detections verfügbar

================================================================================
[ANALYZER] Zyklus #873 - 2025-11-10 05:08:52
================================================================================
[ANALYZER] Keine Detections verfügbar

================================================================================
[ANALYZER] Zyklus #874 - 2025-11-10 05:09:22
================================================================================
[ANALYZER] Keine Detections verfügbar

================================================================================
[ANALYZER] Zyklus #875 - 2025-11-10 05:09:52
================================================================================
[ANALYZER] Keine Detections verfügbar

================================================================================
[ANALYZER] Zyklus #876 - 2025-11-10 05:10:22
================================================================================
[ANALYZER] Keine Detections verfügbar

================================================================================
[ANALYZER] Zyklus #877 - 2025-11-10 05:10:52
================================================================================
[ANALYZER] Keine Detections verfügbar

================================================================================
[ANALYZER] Zyklus #878 - 2025-11-10 05:11:22
================================================================================
[ANALYZER] Keine Detections verfügbar

================================================================================
[ANALYZER] Zyklus #879 - 2025-11-10 05:11:52
================================================================================
[ANALYZER] Keine Detections verfügbar

================================================================================
[ANALYZER] Zyklus #880 - 2025-11-10 05:12:22
================================================================================
[ANALYZER] Keine Detections verfügbar

================================================================================
[ANALYZER] Zyklus #881 - 2025-11-10 05:12:52
================================================================================
[ANALYZER] Keine Detections verfügbar

================================================================================
[ANALYZER] Zyklus #882 - 2025-11-10 05:13:22
================================================================================
[ANALYZER] Keine Detections verfügbar

================================================================================
[ANALYZER] Zyklus #883 - 2025-11-10 05:13:52
================================================================================
[ANALYZER] Keine Detections verfügbar

================================================================================
[ANALYZER] Zyklus #884 - 2025-11-10 05:14:22
================================================================================
[ANALYZER] Keine Detections verfügbar

================================================================================
[ANALYZER] Zyklus #885 - 2025-11-10 05:14:52
================================================================================
[ANALYZER] Keine Detections verfügbar

================================================================================
[ANALYZER] Zyklus #886 - 2025-11-10 05:15:22
================================================================================
[ANALYZER] Keine Detections verfügbar

================================================================================
[ANALYZER] Zyklus #887 - 2025-11-10 05:15:52
================================================================================
[ANALYZER] Keine Detections verfügbar

================================================================================
[ANALYZER] Zyklus #888 - 2025-11-10 05:16:22
================================================================================
[ANALYZER] Keine Detections verfügbar

================================================================================
[ANALYZER] Zyklus #889 - 2025-11-10 05:16:52
================================================================================
[ANALYZER] Keine Detections verfügbar

================================================================================
[ANALYZER] Zyklus #890 - 2025-11-10 05:17:22
================================================================================
[ANALYZER] Keine Detections verfügbar

================================================================================
[ANALYZER] Zyklus #891 - 2025-11-10 05:17:52
================================================================================
[ANALYZER] Keine Detections verfügbar

================================================================================
[ANALYZER] Zyklus #892 - 2025-11-10 05:18:22
================================================================================
[ANALYZER] Keine Detections verfügbar

================================================================================
[ANALYZER] Zyklus #893 - 2025-11-10 05:18:52
================================================================================
[ANALYZER] Keine Detections verfügbar

================================================================================
[ANALYZER] Zyklus #894 - 2025-11-10 05:19:22
================================================================================
[ANALYZER] Keine Detections verfügbar

================================================================================
[ANALYZER] Zyklus #895 - 2025-11-10 05:19:52
================================================================================
[ANALYZER] Keine Detections verfügbar

================================================================================
[ANALYZER] Zyklus #896 - 2025-11-10 05:20:22
================================================================================
[ANALYZER] Keine Detections verfügbar

================================================================================
[ANALYZER] Zyklus #897 - 2025-11-10 05:20:52
================================================================================
[ANALYZER] Keine Detections verfügbar

================================================================================
[ANALYZER] Zyklus #898 - 2025-11-10 05:21:22
================================================================================
[ANALYZER] Keine Detections verfügbar

================================================================================
[ANALYZER] Zyklus #899 - 2025-11-10 05:21:52
================================================================================
[ANALYZER] Keine Detections verfügbar

================================================================================
[ANALYZER] Zyklus #900 - 2025-11-10 05:22:22
================================================================================
[ANALYZER] Keine Detections verfügbar

================================================================================
[ANALYZER] Zyklus #901 - 2025-11-10 05:22:52
================================================================================
[ANALYZER] Keine Detections verfügbar

================================================================================
[ANALYZER] Zyklus #902 - 2025-11-10 05:23:22
================================================================================
[ANALYZER] Keine Detections verfügbar

================================================================================
[ANALYZER] Zyklus #903 - 2025-11-10 05:23:52
================================================================================
[ANALYZER] Keine Detections verfügbar

================================================================================
[ANALYZER] Zyklus #904 - 2025-11-10 05:24:22
================================================================================
[ANALYZER] Keine Detections verfügbar

================================================================================
[ANALYZER] Zyklus #905 - 2025-11-10 05:24:52
================================================================================
[ANALYZER] Keine Detections verfügbar

================================================================================
[ANALYZER] Zyklus #906 - 2025-11-10 05:25:22
================================================================================
[ANALYZER] Keine Detections verfügbar

================================================================================
[ANALYZER] Zyklus #907 - 2025-11-10 05:25:52
================================================================================
[ANALYZER] Keine Detections verfügbar

================================================================================
[ANALYZER] Zyklus #908 - 2025-11-10 05:26:22
================================================================================
[ANALYZER] Keine Detections verfügbar

================================================================================
[ANALYZER] Zyklus #909 - 2025-11-10 05:26:52
================================================================================
[ANALYZER] Keine Detections verfügbar

================================================================================
[ANALYZER] Zyklus #910 - 2025-11-10 05:27:22
================================================================================
[ANALYZER] Keine Detections verfügbar

================================================================================
[ANALYZER] Zyklus #911 - 2025-11-10 05:27:52
================================================================================
[ANALYZER] Keine Detections verfügbar

================================================================================
[ANALYZER] Zyklus #912 - 2025-11-10 05:28:22
================================================================================
[ANALYZER] Keine Detections verfügbar

================================================================================
[ANALYZER] Zyklus #913 - 2025-11-10 05:28:52
================================================================================
[ANALYZER] Keine Detections verfügbar

================================================================================
[ANALYZER] Zyklus #914 - 2025-11-10 05:29:22
================================================================================
[ANALYZER] Keine Detections verfügbar

================================================================================
[ANALYZER] Zyklus #915 - 2025-11-10 05:29:52
================================================================================
[ANALYZER] Keine Detections verfügbar

================================================================================
[ANALYZER] Zyklus #916 - 2025-11-10 05:30:22
================================================================================
[ANALYZER] Keine Detections verfügbar

================================================================================
[ANALYZER] Zyklus #917 - 2025-11-10 05:30:52
================================================================================
[ANALYZER] Keine Detections verfügbar

================================================================================
[ANALYZER] Zyklus #918 - 2025-11-10 05:31:22
================================================================================
[ANALYZER] Keine Detections verfügbar

================================================================================
[ANALYZER] Zyklus #919 - 2025-11-10 05:31:52
================================================================================
[ANALYZER] Keine Detections verfügbar

================================================================================
[ANALYZER] Zyklus #920 - 2025-11-10 05:32:22
================================================================================
[ANALYZER] Keine Detections verfügbar

================================================================================
[ANALYZER] Zyklus #921 - 2025-11-10 05:32:52
================================================================================
[ANALYZER] Keine Detections verfügbar

================================================================================
[ANALYZER] Zyklus #922 - 2025-11-10 05:33:22
================================================================================
[ANALYZER] Keine Detections verfügbar

================================================================================
[ANALYZER] Zyklus #923 - 2025-11-10 05:33:52
================================================================================
[ANALYZER] Keine Detections verfügbar

================================================================================
[ANALYZER] Zyklus #924 - 2025-11-10 05:34:22
================================================================================
[ANALYZER] Keine Detections verfügbar

================================================================================
[ANALYZER] Zyklus #925 - 2025-11-10 05:34:52
================================================================================
[ANALYZER] Keine Detections verfügbar

================================================================================
[ANALYZER] Zyklus #926 - 2025-11-10 05:35:22
================================================================================
[ANALYZER] Keine Detections verfügbar

================================================================================
[ANALYZER] Zyklus #927 - 2025-11-10 05:35:52
================================================================================
[ANALYZER] Keine Detections verfügbar

================================================================================
[ANALYZER] Zyklus #928 - 2025-11-10 05:36:22
================================================================================
[ANALYZER] Keine Detections verfügbar

================================================================================
[ANALYZER] Zyklus #929 - 2025-11-10 05:36:52
================================================================================
[ANALYZER] Keine Detections verfügbar

================================================================================
[ANALYZER] Zyklus #930 - 2025-11-10 05:37:22
================================================================================
[ANALYZER] Keine Detections verfügbar

================================================================================
[ANALYZER] Zyklus #931 - 2025-11-10 05:37:52
================================================================================
[ANALYZER] Keine Detections verfügbar

================================================================================
[ANALYZER] Zyklus #932 - 2025-11-10 05:38:22
================================================================================
[ANALYZER] Keine Detections verfügbar

================================================================================
[ANALYZER] Zyklus #933 - 2025-11-10 05:38:52
================================================================================
[ANALYZER] Keine Detections verfügbar

================================================================================
[ANALYZER] Zyklus #934 - 2025-11-10 05:39:22
================================================================================
[ANALYZER] Keine Detections verfügbar

================================================================================
[ANALYZER] Zyklus #935 - 2025-11-10 05:39:52
================================================================================
[ANALYZER] Keine Detections verfügbar

================================================================================
[ANALYZER] Zyklus #936 - 2025-11-10 05:40:22
================================================================================
[ANALYZER] Keine Detections verfügbar

================================================================================
[ANALYZER] Zyklus #937 - 2025-11-10 05:40:52
================================================================================
[ANALYZER] Keine Detections verfügbar

================================================================================
[ANALYZER] Zyklus #938 - 2025-11-10 05:41:22
================================================================================
[ANALYZER] Keine Detections verfügbar

================================================================================
[ANALYZER] Zyklus #939 - 2025-11-10 05:41:52
================================================================================
[ANALYZER] Keine Detections verfügbar

================================================================================
[ANALYZER] Zyklus #940 - 2025-11-10 05:42:22
================================================================================
[ANALYZER] Keine Detections verfügbar

================================================================================
[ANALYZER] Zyklus #941 - 2025-11-10 05:42:52
================================================================================
[ANALYZER] Keine Detections verfügbar

================================================================================
[ANALYZER] Zyklus #942 - 2025-11-10 05:43:22
================================================================================
[ANALYZER] Keine Detections verfügbar

================================================================================
[ANALYZER] Zyklus #943 - 2025-11-10 05:43:52
================================================================================
[ANALYZER] Keine Detections verfügbar

================================================================================
[ANALYZER] Zyklus #944 - 2025-11-10 05:44:22
================================================================================
[ANALYZER] Keine Detections verfügbar

================================================================================
[ANALYZER] Zyklus #945 - 2025-11-10 05:44:52
================================================================================
[ANALYZER] Keine Detections verfügbar

================================================================================
[ANALYZER] Zyklus #946 - 2025-11-10 05:45:22
================================================================================
[ANALYZER] Keine Detections verfügbar

================================================================================
[ANALYZER] Zyklus #947 - 2025-11-10 05:45:52
================================================================================
[ANALYZER] Keine Detections verfügbar

================================================================================
[ANALYZER] Zyklus #948 - 2025-11-10 05:46:22
================================================================================
[ANALYZER] Keine Detections verfügbar

================================================================================
[ANALYZER] Zyklus #949 - 2025-11-10 05:46:52
================================================================================
[ANALYZER] Keine Detections verfügbar

================================================================================
[ANALYZER] Zyklus #950 - 2025-11-10 05:47:22
================================================================================
[ANALYZER] Keine Detections verfügbar

================================================================================
[ANALYZER] Zyklus #951 - 2025-11-10 05:47:52
================================================================================
[ANALYZER] Keine Detections verfügbar

================================================================================
[ANALYZER] Zyklus #952 - 2025-11-10 05:48:22
================================================================================
[ANALYZER] Keine Detections verfügbar

================================================================================
[ANALYZER] Zyklus #953 - 2025-11-10 05:48:52
================================================================================
[ANALYZER] Keine Detections verfügbar

================================================================================
[ANALYZER] Zyklus #954 - 2025-11-10 05:49:22
================================================================================
[ANALYZER] Keine Detections verfügbar

================================================================================
[ANALYZER] Zyklus #955 - 2025-11-10 05:49:52
================================================================================
[ANALYZER] Keine Detections verfügbar

================================================================================
[ANALYZER] Zyklus #956 - 2025-11-10 05:50:22
================================================================================
[ANALYZER] Keine Detections verfügbar

================================================================================
[ANALYZER] Zyklus #957 - 2025-11-10 05:50:52
================================================================================
[ANALYZER] Keine Detections verfügbar

================================================================================
[ANALYZER] Zyklus #958 - 2025-11-10 05:51:22
================================================================================
[ANALYZER] Keine Detections verfügbar

================================================================================
[ANALYZER] Zyklus #959 - 2025-11-10 05:51:52
================================================================================
[ANALYZER] Keine Detections verfügbar

================================================================================
[ANALYZER] Zyklus #960 - 2025-11-10 05:52:22
================================================================================
[ANALYZER] Keine Detections verfügbar

================================================================================
[ANALYZER] Zyklus #961 - 2025-11-10 05:52:52
================================================================================
[ANALYZER] Keine Detections verfügbar

================================================================================
[ANALYZER] Zyklus #962 - 2025-11-10 05:53:22
================================================================================
[ANALYZER] Keine Detections verfügbar

================================================================================
[ANALYZER] Zyklus #963 - 2025-11-10 05:53:52
================================================================================
[ANALYZER] Keine Detections verfügbar

================================================================================
[ANALYZER] Zyklus #964 - 2025-11-10 05:54:22
================================================================================
[ANALYZER] Keine Detections verfügbar

================================================================================
[ANALYZER] Zyklus #965 - 2025-11-10 05:54:52
================================================================================
[ANALYZER] Keine Detections verfügbar

================================================================================
[ANALYZER] Zyklus #966 - 2025-11-10 05:55:22
================================================================================
[ANALYZER] Keine Detections verfügbar

================================================================================
[ANALYZER] Zyklus #967 - 2025-11-10 05:55:52
================================================================================
[ANALYZER] Keine Detections verfügbar

================================================================================
[ANALYZER] Zyklus #968 - 2025-11-10 05:56:22
================================================================================
[ANALYZER] Keine Detections verfügbar

================================================================================
[ANALYZER] Zyklus #969 - 2025-11-10 05:56:52
================================================================================
[ANALYZER] Keine Detections verfügbar

================================================================================
[ANALYZER] Zyklus #970 - 2025-11-10 05:57:22
================================================================================
[ANALYZER] Keine Detections verfügbar

================================================================================
[ANALYZER] Zyklus #971 - 2025-11-10 05:57:52
================================================================================
[ANALYZER] Keine Detections verfügbar

================================================================================
[ANALYZER] Zyklus #972 - 2025-11-10 05:58:22
================================================================================
[ANALYZER] Keine Detections verfügbar

================================================================================
[ANALYZER] Zyklus #973 - 2025-11-10 05:58:52
================================================================================
[ANALYZER] Keine Detections verfügbar

================================================================================
[ANALYZER] Zyklus #974 - 2025-11-10 05:59:22
================================================================================
[ANALYZER] Keine Detections verfügbar

================================================================================
[ANALYZER] Zyklus #975 - 2025-11-10 05:59:52
================================================================================
[ANALYZER] Keine Detections verfügbar

================================================================================
[ANALYZER] Zyklus #976 - 2025-11-10 06:00:22
================================================================================
[ANALYZER] Keine Detections verfügbar

================================================================================
[ANALYZER] Zyklus #977 - 2025-11-10 06:00:52
================================================================================
[ANALYZER] Keine Detections verfügbar

================================================================================
[ANALYZER] Zyklus #978 - 2025-11-10 06:01:22
================================================================================
[ANALYZER] Keine Detections verfügbar

================================================================================
[ANALYZER] Zyklus #979 - 2025-11-10 06:01:52
================================================================================
[ANALYZER] Keine Detections verfügbar

================================================================================
[ANALYZER] Zyklus #980 - 2025-11-10 06:02:22
================================================================================
[ANALYZER] Keine Detections verfügbar

================================================================================
[ANALYZER] Zyklus #981 - 2025-11-10 06:02:52
================================================================================
[ANALYZER] Keine Detections verfügbar

================================================================================
[ANALYZER] Zyklus #982 - 2025-11-10 06:03:22
================================================================================
[ANALYZER] Keine Detections verfügbar

================================================================================
[ANALYZER] Zyklus #983 - 2025-11-10 06:03:52
================================================================================
[ANALYZER] Keine Detections verfügbar

================================================================================
[ANALYZER] Zyklus #984 - 2025-11-10 06:04:22
================================================================================
[ANALYZER] Keine Detections verfügbar

================================================================================
[ANALYZER] Zyklus #985 - 2025-11-10 06:04:52
================================================================================
[ANALYZER] Keine Detections verfügbar

================================================================================
[ANALYZER] Zyklus #986 - 2025-11-10 06:05:22
================================================================================
[ANALYZER] Keine Detections verfügbar

================================================================================
[ANALYZER] Zyklus #987 - 2025-11-10 06:05:52
================================================================================
[ANALYZER] Keine Detections verfügbar

================================================================================
[ANALYZER] Zyklus #988 - 2025-11-10 06:06:22
================================================================================
[ANALYZER] Keine Detections verfügbar

================================================================================
[ANALYZER] Zyklus #989 - 2025-11-10 06:06:52
================================================================================
[ANALYZER] Keine Detections verfügbar

================================================================================
[ANALYZER] Zyklus #990 - 2025-11-10 06:07:22
================================================================================
[ANALYZER] Keine Detections verfügbar

================================================================================
[ANALYZER] Zyklus #991 - 2025-11-10 06:07:52
================================================================================
[ANALYZER] Keine Detections verfügbar

================================================================================
[ANALYZER] Zyklus #992 - 2025-11-10 06:08:22
================================================================================
[ANALYZER] Keine Detections verfügbar

================================================================================
[ANALYZER] Zyklus #993 - 2025-11-10 06:08:52
================================================================================
[ANALYZER] Keine Detections verfügbar

================================================================================
[ANALYZER] Zyklus #994 - 2025-11-10 06:09:22
================================================================================
[ANALYZER] Keine Detections verfügbar

================================================================================
[ANALYZER] Zyklus #995 - 2025-11-10 06:09:52
================================================================================
[ANALYZER] Keine Detections verfügbar

================================================================================
[ANALYZER] Zyklus #996 - 2025-11-10 06:10:22
================================================================================
[ANALYZER] Keine Detections verfügbar

================================================================================
[ANALYZER] Zyklus #997 - 2025-11-10 06:10:52
================================================================================
[ANALYZER] Keine Detections verfügbar

================================================================================
[ANALYZER] Zyklus #998 - 2025-11-10 06:11:22
================================================================================
[ANALYZER] Keine Detections verfügbar

================================================================================
[ANALYZER] Zyklus #999 - 2025-11-10 06:11:52
================================================================================
[ANALYZER] Keine Detections verfügbar

================================================================================
[ANALYZER] Zyklus #1000 - 2025-11-10 06:12:23
================================================================================
[ANALYZER] Keine Detections verfügbar

================================================================================
[ANALYZER] Zyklus #1001 - 2025-11-10 06:12:53
================================================================================
[ANALYZER] Keine Detections verfügbar

================================================================================
[ANALYZER] Zyklus #1002 - 2025-11-10 06:13:23
================================================================================
[ANALYZER] Keine Detections verfügbar

================================================================================
[ANALYZER] Zyklus #1003 - 2025-11-10 06:13:53
================================================================================
[ANALYZER] Keine Detections verfügbar

================================================================================
[ANALYZER] Zyklus #1004 - 2025-11-10 06:14:23
================================================================================
[ANALYZER] Keine Detections verfügbar

================================================================================
[ANALYZER] Zyklus #1005 - 2025-11-10 06:14:53
================================================================================
[ANALYZER] Keine Detections verfügbar

================================================================================
[ANALYZER] Zyklus #1006 - 2025-11-10 06:15:23
================================================================================
[ANALYZER] Keine Detections verfügbar

================================================================================
[ANALYZER] Zyklus #1007 - 2025-11-10 06:15:53
================================================================================
[ANALYZER] Keine Detections verfügbar

================================================================================
[ANALYZER] Zyklus #1008 - 2025-11-10 06:16:23
================================================================================
[ANALYZER] Keine Detections verfügbar

================================================================================
[ANALYZER] Zyklus #1009 - 2025-11-10 06:16:53
================================================================================
[ANALYZER] Keine Detections verfügbar

================================================================================
[ANALYZER] Zyklus #1010 - 2025-11-10 06:17:23
================================================================================
[ANALYZER] Keine Detections verfügbar

================================================================================
[ANALYZER] Zyklus #1011 - 2025-11-10 06:17:53
================================================================================
[ANALYZER] Keine Detections verfügbar

================================================================================
[ANALYZER] Zyklus #1012 - 2025-11-10 06:18:23
================================================================================
[ANALYZER] Keine Detections verfügbar

================================================================================
[ANALYZER] Zyklus #1013 - 2025-11-10 06:18:53
================================================================================
[ANALYZER] Keine Detections verfügbar

================================================================================
[ANALYZER] Zyklus #1014 - 2025-11-10 06:19:23
================================================================================
[ANALYZER] Keine Detections verfügbar

================================================================================
[ANALYZER] Zyklus #1015 - 2025-11-10 06:19:53
================================================================================
[ANALYZER] Keine Detections verfügbar

================================================================================
[ANALYZER] Zyklus #1016 - 2025-11-10 06:20:23
================================================================================
[ANALYZER] Keine Detections verfügbar

================================================================================
[ANALYZER] Zyklus #1017 - 2025-11-10 06:20:53
================================================================================
[ANALYZER] Keine Detections verfügbar

================================================================================
[ANALYZER] Zyklus #1018 - 2025-11-10 06:21:23
================================================================================
[ANALYZER] Keine Detections verfügbar

================================================================================
[ANALYZER] Zyklus #1019 - 2025-11-10 06:21:53
================================================================================
[ANALYZER] Keine Detections verfügbar

================================================================================
[ANALYZER] Zyklus #1020 - 2025-11-10 06:22:23
================================================================================
[ANALYZER] Keine Detections verfügbar

================================================================================
[ANALYZER] Zyklus #1021 - 2025-11-10 06:22:53
================================================================================
[ANALYZER] Keine Detections verfügbar

================================================================================
[ANALYZER] Zyklus #1022 - 2025-11-10 06:23:23
================================================================================
[ANALYZER] Keine Detections verfügbar

================================================================================
[ANALYZER] Zyklus #1023 - 2025-11-10 06:23:53
================================================================================
[ANALYZER] Keine Detections verfügbar

================================================================================
[ANALYZER] Zyklus #1024 - 2025-11-10 06:24:23
================================================================================
[ANALYZER] Keine Detections verfügbar

================================================================================
[ANALYZER] Zyklus #1025 - 2025-11-10 06:24:53
================================================================================
[ANALYZER] Keine Detections verfügbar

================================================================================
[ANALYZER] Zyklus #1026 - 2025-11-10 06:25:23
================================================================================
[ANALYZER] Keine Detections verfügbar

================================================================================
[ANALYZER] Zyklus #1027 - 2025-11-10 06:25:53
================================================================================
[ANALYZER] Keine Detections verfügbar

================================================================================
[ANALYZER] Zyklus #1028 - 2025-11-10 06:26:23
================================================================================
[ANALYZER] Keine Detections verfügbar

================================================================================
[ANALYZER] Zyklus #1029 - 2025-11-10 06:26:53
================================================================================
[ANALYZER] Keine Detections verfügbar

================================================================================
[ANALYZER] Zyklus #1030 - 2025-11-10 06:27:23
================================================================================
[ANALYZER] Keine Detections verfügbar

================================================================================
[ANALYZER] Zyklus #1031 - 2025-11-10 06:27:53
================================================================================
[ANALYZER] Keine Detections verfügbar

================================================================================
[ANALYZER] Zyklus #1032 - 2025-11-10 06:28:23
================================================================================
[ANALYZER] Keine Detections verfügbar

================================================================================
[ANALYZER] Zyklus #1033 - 2025-11-10 06:28:53
================================================================================
[ANALYZER] Keine Detections verfügbar

================================================================================
[ANALYZER] Zyklus #1034 - 2025-11-10 06:29:23
================================================================================
[ANALYZER] Keine Detections verfügbar

================================================================================
[ANALYZER] Zyklus #1035 - 2025-11-10 06:29:53
================================================================================
[ANALYZER] Keine Detections verfügbar

================================================================================
[ANALYZER] Zyklus #1036 - 2025-11-10 06:30:23
================================================================================
[ANALYZER] Keine Detections verfügbar

================================================================================
[ANALYZER] Zyklus #1037 - 2025-11-10 06:30:53
================================================================================
[ANALYZER] Keine Detections verfügbar

================================================================================
[ANALYZER] Zyklus #1038 - 2025-11-10 06:31:23
================================================================================
[ANALYZER] Keine Detections verfügbar

================================================================================
[ANALYZER] Zyklus #1039 - 2025-11-10 06:31:53
================================================================================
[ANALYZER] Keine Detections verfügbar

================================================================================
[ANALYZER] Zyklus #1040 - 2025-11-10 06:32:23
================================================================================
[ANALYZER] Keine Detections verfügbar

================================================================================
[ANALYZER] Zyklus #1041 - 2025-11-10 06:32:53
================================================================================
[ANALYZER] Keine Detections verfügbar

================================================================================
[ANALYZER] Zyklus #1042 - 2025-11-10 06:33:23
================================================================================
[ANALYZER] Keine Detections verfügbar

================================================================================
[ANALYZER] Zyklus #1043 - 2025-11-10 06:33:53
================================================================================
[ANALYZER] Keine Detections verfügbar

================================================================================
[ANALYZER] Zyklus #1044 - 2025-11-10 06:34:23
================================================================================
[ANALYZER] Keine Detections verfügbar

================================================================================
[ANALYZER] Zyklus #1045 - 2025-11-10 06:34:53
================================================================================
[ANALYZER] Keine Detections verfügbar

================================================================================
[ANALYZER] Zyklus #1046 - 2025-11-10 06:35:23
================================================================================
[ANALYZER] Keine Detections verfügbar

================================================================================
[ANALYZER] Zyklus #1047 - 2025-11-10 06:35:53
================================================================================
[ANALYZER] Keine Detections verfügbar

================================================================================
[ANALYZER] Zyklus #1048 - 2025-11-10 06:36:23
================================================================================
[ANALYZER] Keine Detections verfügbar

================================================================================
[ANALYZER] Zyklus #1049 - 2025-11-10 06:36:53
================================================================================
[ANALYZER] Keine Detections verfügbar

================================================================================
[ANALYZER] Zyklus #1050 - 2025-11-10 06:37:23
================================================================================
[ANALYZER] Keine Detections verfügbar

================================================================================
[ANALYZER] Zyklus #1051 - 2025-11-10 06:37:53
================================================================================
[ANALYZER] Keine Detections verfügbar

================================================================================
[ANALYZER] Zyklus #1052 - 2025-11-10 06:38:23
================================================================================
[ANALYZER] Keine Detections verfügbar

================================================================================
[ANALYZER] Zyklus #1053 - 2025-11-10 06:38:53
================================================================================
[ANALYZER] Keine Detections verfügbar

================================================================================
[ANALYZER] Zyklus #1054 - 2025-11-10 06:39:23
================================================================================
[ANALYZER] Keine Detections verfügbar

================================================================================
[ANALYZER] Zyklus #1055 - 2025-11-10 06:39:53
================================================================================
[ANALYZER] Keine Detections verfügbar

================================================================================
[ANALYZER] Zyklus #1056 - 2025-11-10 06:40:23
================================================================================
[ANALYZER] Keine Detections verfügbar

================================================================================
[ANALYZER] Zyklus #1057 - 2025-11-10 06:40:53
================================================================================
[ANALYZER] Keine Detections verfügbar

================================================================================
[ANALYZER] Zyklus #1058 - 2025-11-10 06:41:23
================================================================================
[ANALYZER] Keine Detections verfügbar

================================================================================
[ANALYZER] Zyklus #1059 - 2025-11-10 06:41:53
================================================================================
[ANALYZER] Keine Detections verfügbar

================================================================================
[ANALYZER] Zyklus #1060 - 2025-11-10 06:42:23
================================================================================
[ANALYZER] Keine Detections verfügbar

================================================================================
[ANALYZER] Zyklus #1061 - 2025-11-10 06:42:53
================================================================================
[ANALYZER] Keine Detections verfügbar

================================================================================
[ANALYZER] Zyklus #1062 - 2025-11-10 06:43:23
================================================================================
[ANALYZER] Keine Detections verfügbar

================================================================================
[ANALYZER] Zyklus #1063 - 2025-11-10 06:43:53
================================================================================
[ANALYZER] Keine Detections verfügbar

================================================================================
[ANALYZER] Zyklus #1064 - 2025-11-10 06:44:23
================================================================================
[ANALYZER] Keine Detections verfügbar

================================================================================
[ANALYZER] Zyklus #1065 - 2025-11-10 06:44:53
================================================================================
[ANALYZER] Keine Detections verfügbar

================================================================================
[ANALYZER] Zyklus #1066 - 2025-11-10 06:45:23
================================================================================
[ANALYZER] Keine Detections verfügbar

================================================================================
[ANALYZER] Zyklus #1067 - 2025-11-10 06:45:53
================================================================================
[ANALYZER] Keine Detections verfügbar

================================================================================
[ANALYZER] Zyklus #1068 - 2025-11-10 06:46:23
================================================================================
[ANALYZER] Keine Detections verfügbar

================================================================================
[ANALYZER] Zyklus #1069 - 2025-11-10 06:46:53
================================================================================
[ANALYZER] Keine Detections verfügbar

================================================================================
[ANALYZER] Zyklus #1070 - 2025-11-10 06:47:23
================================================================================
[ANALYZER] Keine Detections verfügbar

================================================================================
[ANALYZER] Zyklus #1071 - 2025-11-10 06:47:53
================================================================================
[ANALYZER] Keine Detections verfügbar

================================================================================
[ANALYZER] Zyklus #1072 - 2025-11-10 06:48:23
================================================================================
[ANALYZER] Keine Detections verfügbar

================================================================================
[ANALYZER] Zyklus #1073 - 2025-11-10 06:48:53
================================================================================
[ANALYZER] Keine Detections verfügbar

================================================================================
[ANALYZER] Zyklus #1074 - 2025-11-10 06:49:23
================================================================================
[ANALYZER] Keine Detections verfügbar

================================================================================
[ANALYZER] Zyklus #1075 - 2025-11-10 06:49:53
================================================================================
[ANALYZER] Keine Detections verfügbar

================================================================================
[ANALYZER] Zyklus #1076 - 2025-11-10 06:50:23
================================================================================
[ANALYZER] Keine Detections verfügbar

================================================================================
[ANALYZER] Zyklus #1077 - 2025-11-10 06:50:53
================================================================================
[ANALYZER] Keine Detections verfügbar

================================================================================
[ANALYZER] Zyklus #1078 - 2025-11-10 06:51:23
================================================================================
[ANALYZER] Keine Detections verfügbar

================================================================================
[ANALYZER] Zyklus #1079 - 2025-11-10 06:51:53
================================================================================
[ANALYZER] Keine Detections verfügbar

================================================================================
[ANALYZER] Zyklus #1080 - 2025-11-10 06:52:23
================================================================================
[ANALYZER] Keine Detections verfügbar

================================================================================
[ANALYZER] Zyklus #1081 - 2025-11-10 06:52:53
================================================================================
[ANALYZER] Keine Detections verfügbar

================================================================================
[ANALYZER] Zyklus #1082 - 2025-11-10 06:53:23
================================================================================
[ANALYZER] Keine Detections verfügbar

================================================================================
[ANALYZER] Zyklus #1083 - 2025-11-10 06:53:53
================================================================================
[ANALYZER] Keine Detections verfügbar

================================================================================
[ANALYZER] Zyklus #1084 - 2025-11-10 06:54:23
================================================================================
[ANALYZER] Keine Detections verfügbar

================================================================================
[ANALYZER] Zyklus #1085 - 2025-11-10 06:54:53
================================================================================
[ANALYZER] Keine Detections verfügbar

================================================================================
[ANALYZER] Zyklus #1086 - 2025-11-10 06:55:23
================================================================================
[ANALYZER] Keine Detections verfügbar

================================================================================
[ANALYZER] Zyklus #1087 - 2025-11-10 06:55:53
================================================================================
[ANALYZER] Keine Detections verfügbar

================================================================================
[ANALYZER] Zyklus #1088 - 2025-11-10 06:56:23
================================================================================
[ANALYZER] Keine Detections verfügbar

================================================================================
[ANALYZER] Zyklus #1089 - 2025-11-10 06:56:53
================================================================================
[ANALYZER] Keine Detections verfügbar

================================================================================
[ANALYZER] Zyklus #1090 - 2025-11-10 06:57:23
================================================================================
[ANALYZER] Keine Detections verfügbar

================================================================================
[ANALYZER] Zyklus #1091 - 2025-11-10 06:57:53
================================================================================
[ANALYZER] Keine Detections verfügbar

================================================================================
[ANALYZER] Zyklus #1092 - 2025-11-10 06:58:23
================================================================================
[ANALYZER] Keine Detections verfügbar

================================================================================
[ANALYZER] Zyklus #1093 - 2025-11-10 06:58:53
================================================================================
[ANALYZER] Keine Detections verfügbar

================================================================================
[ANALYZER] Zyklus #1094 - 2025-11-10 06:59:23
================================================================================
[ANALYZER] Keine Detections verfügbar

================================================================================
[ANALYZER] Zyklus #1095 - 2025-11-10 06:59:53
================================================================================
[ANALYZER] Keine Detections verfügbar

================================================================================
[ANALYZER] Zyklus #1096 - 2025-11-10 07:00:23
================================================================================
[ANALYZER] Keine Detections verfügbar

================================================================================
[ANALYZER] Zyklus #1097 - 2025-11-10 07:00:53
================================================================================
[ANALYZER] Keine Detections verfügbar

================================================================================
[ANALYZER] Zyklus #1098 - 2025-11-10 07:01:23
================================================================================
[ANALYZER] Keine Detections verfügbar

================================================================================
[ANALYZER] Zyklus #1099 - 2025-11-10 07:01:53
================================================================================
[ANALYZER] Keine Detections verfügbar

================================================================================
[ANALYZER] Zyklus #1100 - 2025-11-10 07:02:23
================================================================================
[ANALYZER] Keine Detections verfügbar

================================================================================
[ANALYZER] Zyklus #1101 - 2025-11-10 07:02:53
================================================================================
[ANALYZER] Keine Detections verfügbar

================================================================================
[ANALYZER] Zyklus #1102 - 2025-11-10 07:03:23
================================================================================
[ANALYZER] Keine Detections verfügbar

================================================================================
[ANALYZER] Zyklus #1103 - 2025-11-10 07:03:53
================================================================================
[ANALYZER] Keine Detections verfügbar

================================================================================
[ANALYZER] Zyklus #1104 - 2025-11-10 07:04:23
================================================================================
[ANALYZER] Keine Detections verfügbar

================================================================================
[ANALYZER] Zyklus #1105 - 2025-11-10 07:04:53
================================================================================
[ANALYZER] Keine Detections verfügbar

================================================================================
[ANALYZER] Zyklus #1106 - 2025-11-10 07:05:23
================================================================================
[ANALYZER] Keine Detections verfügbar

================================================================================
[ANALYZER] Zyklus #1107 - 2025-11-10 07:05:53
================================================================================
[ANALYZER] Keine Detections verfügbar

================================================================================
[ANALYZER] Zyklus #1108 - 2025-11-10 07:06:23
================================================================================
[ANALYZER] Keine Detections verfügbar

================================================================================
[ANALYZER] Zyklus #1109 - 2025-11-10 07:06:53
================================================================================
[ANALYZER] Keine Detections verfügbar

================================================================================
[ANALYZER] Zyklus #1110 - 2025-11-10 07:07:23
================================================================================
[ANALYZER] Keine Detections verfügbar

================================================================================
[ANALYZER] Zyklus #1111 - 2025-11-10 07:07:53
================================================================================
[ANALYZER] Keine Detections verfügbar

================================================================================
[ANALYZER] Zyklus #1112 - 2025-11-10 07:08:23
================================================================================
[ANALYZER] Keine Detections verfügbar

================================================================================
[ANALYZER] Zyklus #1113 - 2025-11-10 07:08:53
================================================================================
[ANALYZER] Keine Detections verfügbar

================================================================================
[ANALYZER] Zyklus #1114 - 2025-11-10 07:09:23
================================================================================
[ANALYZER] Keine Detections verfügbar

================================================================================
[ANALYZER] Zyklus #1115 - 2025-11-10 07:09:53
================================================================================
[ANALYZER] Keine Detections verfügbar

================================================================================
[ANALYZER] Zyklus #1116 - 2025-11-10 07:10:23
================================================================================
[ANALYZER] Keine Detections verfügbar

================================================================================
[ANALYZER] Zyklus #1117 - 2025-11-10 07:10:53
================================================================================
[ANALYZER] Keine Detections verfügbar

================================================================================
[ANALYZER] Zyklus #1118 - 2025-11-10 07:11:23
================================================================================
[ANALYZER] Keine Detections verfügbar

================================================================================
[ANALYZER] Zyklus #1119 - 2025-11-10 07:11:53
================================================================================
[ANALYZER] Keine Detections verfügbar

================================================================================
[ANALYZER] Zyklus #1120 - 2025-11-10 07:12:23
================================================================================
[ANALYZER] Keine Detections verfügbar

================================================================================
[ANALYZER] Zyklus #1121 - 2025-11-10 07:12:53
================================================================================
[ANALYZER] Keine Detections verfügbar

================================================================================
[ANALYZER] Zyklus #1122 - 2025-11-10 07:13:23
================================================================================
[ANALYZER] Keine Detections verfügbar

================================================================================
[ANALYZER] Zyklus #1123 - 2025-11-10 07:13:53
================================================================================
[ANALYZER] Keine Detections verfügbar

================================================================================
[ANALYZER] Zyklus #1124 - 2025-11-10 07:14:23
================================================================================
[ANALYZER] Keine Detections verfügbar

================================================================================
[ANALYZER] Zyklus #1125 - 2025-11-10 07:14:53
================================================================================
[ANALYZER] Keine Detections verfügbar

================================================================================
[ANALYZER] Zyklus #1126 - 2025-11-10 07:15:23
================================================================================
[ANALYZER] Keine Detections verfügbar

================================================================================
[ANALYZER] Zyklus #1127 - 2025-11-10 07:15:53
================================================================================
[ANALYZER] Keine Detections verfügbar

================================================================================
[ANALYZER] Zyklus #1128 - 2025-11-10 07:16:23
================================================================================
[ANALYZER] Keine Detections verfügbar

================================================================================
[ANALYZER] Zyklus #1129 - 2025-11-10 07:16:53
================================================================================
[ANALYZER] Keine Detections verfügbar

================================================================================
[ANALYZER] Zyklus #1130 - 2025-11-10 07:17:23
================================================================================
[ANALYZER] Keine Detections verfügbar

================================================================================
[ANALYZER] Zyklus #1131 - 2025-11-10 07:17:53
================================================================================
[ANALYZER] Keine Detections verfügbar

================================================================================
[ANALYZER] Zyklus #1132 - 2025-11-10 07:18:23
================================================================================
[ANALYZER] Keine Detections verfügbar

================================================================================
[ANALYZER] Zyklus #1133 - 2025-11-10 07:18:53
================================================================================
[ANALYZER] Keine Detections verfügbar

================================================================================
[ANALYZER] Zyklus #1134 - 2025-11-10 07:19:23
================================================================================
[ANALYZER] Keine Detections verfügbar

================================================================================
[ANALYZER] Zyklus #1135 - 2025-11-10 07:19:53
================================================================================
[ANALYZER] Keine Detections verfügbar

================================================================================
[ANALYZER] Zyklus #1136 - 2025-11-10 07:20:23
================================================================================
[ANALYZER] Keine Detections verfügbar

================================================================================
[ANALYZER] Zyklus #1137 - 2025-11-10 07:20:53
================================================================================
[ANALYZER] Keine Detections verfügbar

================================================================================
[ANALYZER] Zyklus #1138 - 2025-11-10 07:21:23
================================================================================
[ANALYZER] Keine Detections verfügbar

================================================================================
[ANALYZER] Zyklus #1139 - 2025-11-10 07:21:53
================================================================================
[ANALYZER] Keine Detections verfügbar

================================================================================
[ANALYZER] Zyklus #1140 - 2025-11-10 07:22:23
================================================================================
[ANALYZER] Keine Detections verfügbar

================================================================================
[ANALYZER] Zyklus #1141 - 2025-11-10 07:22:53
================================================================================
[ANALYZER] Keine Detections verfügbar

================================================================================
[ANALYZER] Zyklus #1142 - 2025-11-10 07:23:23
================================================================================
[ANALYZER] Keine Detections verfügbar

================================================================================
[ANALYZER] Zyklus #1143 - 2025-11-10 07:23:53
================================================================================
[ANALYZER] Keine Detections verfügbar

================================================================================
[ANALYZER] Zyklus #1144 - 2025-11-10 07:24:23
================================================================================
[ANALYZER] Keine Detections verfügbar

================================================================================
[ANALYZER] Zyklus #1145 - 2025-11-10 07:24:53
================================================================================
[ANALYZER] Keine Detections verfügbar

================================================================================
[ANALYZER] Zyklus #1146 - 2025-11-10 07:25:23
================================================================================
[ANALYZER] Keine Detections verfügbar

================================================================================
[ANALYZER] Zyklus #1147 - 2025-11-10 07:25:53
================================================================================
[ANALYZER] Keine Detections verfügbar

================================================================================
[ANALYZER] Zyklus #1148 - 2025-11-10 07:26:23
================================================================================
[ANALYZER] Keine Detections verfügbar

================================================================================
[ANALYZER] Zyklus #1149 - 2025-11-10 07:26:53
================================================================================
[ANALYZER] Keine Detections verfügbar

================================================================================
[ANALYZER] Zyklus #1150 - 2025-11-10 07:27:23
================================================================================
[ANALYZER] Keine Detections verfügbar

================================================================================
[ANALYZER] Zyklus #1151 - 2025-11-10 07:27:53
================================================================================
[ANALYZER] Keine Detections verfügbar

================================================================================
[ANALYZER] Zyklus #1152 - 2025-11-10 07:28:23
================================================================================
[ANALYZER] Keine Detections verfügbar

================================================================================
[ANALYZER] Zyklus #1153 - 2025-11-10 07:28:53
================================================================================
[ANALYZER] Keine Detections verfügbar

================================================================================
[ANALYZER] Zyklus #1154 - 2025-11-10 07:29:23
================================================================================
[ANALYZER] Keine Detections verfügbar

================================================================================
[ANALYZER] Zyklus #1155 - 2025-11-10 07:29:53
================================================================================
[ANALYZER] Keine Detections verfügbar

================================================================================
[ANALYZER] Zyklus #1156 - 2025-11-10 07:30:23
================================================================================
[ANALYZER] Keine Detections verfügbar

================================================================================
[ANALYZER] Zyklus #1157 - 2025-11-10 07:30:53
================================================================================
[ANALYZER] Keine Detections verfügbar

================================================================================
[ANALYZER] Zyklus #1158 - 2025-11-10 07:31:23
================================================================================
[ANALYZER] Keine Detections verfügbar

================================================================================
[ANALYZER] Zyklus #1159 - 2025-11-10 07:31:53
================================================================================
[ANALYZER] Keine Detections verfügbar

================================================================================
[ANALYZER] Zyklus #1160 - 2025-11-10 07:32:23
================================================================================
[ANALYZER] Keine Detections verfügbar

================================================================================
[ANALYZER] Zyklus #1161 - 2025-11-10 07:32:53
================================================================================
[ANALYZER] Keine Detections verfügbar

================================================================================
[ANALYZER] Zyklus #1162 - 2025-11-10 07:33:23
================================================================================
[ANALYZER] Keine Detections verfügbar

================================================================================
[ANALYZER] Zyklus #1163 - 2025-11-10 07:33:53
================================================================================
[ANALYZER] Keine Detections verfügbar

================================================================================
[ANALYZER] Zyklus #1164 - 2025-11-10 07:34:23
================================================================================
[ANALYZER] Keine Detections verfügbar

================================================================================
[ANALYZER] Zyklus #1165 - 2025-11-10 07:34:53
================================================================================
[ANALYZER] Keine Detections verfügbar

================================================================================
[ANALYZER] Zyklus #1166 - 2025-11-10 07:35:23
================================================================================
[ANALYZER] Keine Detections verfügbar

================================================================================
[ANALYZER] Zyklus #1167 - 2025-11-10 07:35:53
================================================================================
[ANALYZER] Keine Detections verfügbar

================================================================================
[ANALYZER] Zyklus #1168 - 2025-11-10 07:36:23
================================================================================
[ANALYZER] Keine Detections verfügbar

================================================================================
[ANALYZER] Zyklus #1169 - 2025-11-10 07:36:53
================================================================================
[ANALYZER] Keine Detections verfügbar

================================================================================
[ANALYZER] Zyklus #1170 - 2025-11-10 07:37:23
================================================================================
[ANALYZER] Keine Detections verfügbar

================================================================================
[ANALYZER] Zyklus #1171 - 2025-11-10 07:37:53
================================================================================
[ANALYZER] Keine Detections verfügbar

================================================================================
[ANALYZER] Zyklus #1172 - 2025-11-10 07:38:23
================================================================================
[ANALYZER] Keine Detections verfügbar

================================================================================
[ANALYZER] Zyklus #1173 - 2025-11-10 07:38:53
================================================================================
[ANALYZER] Keine Detections verfügbar

================================================================================
[ANALYZER] Zyklus #1174 - 2025-11-10 07:39:23
================================================================================
[ANALYZER] Keine Detections verfügbar

================================================================================
[ANALYZER] Zyklus #1175 - 2025-11-10 07:39:53
================================================================================
[ANALYZER] Keine Detections verfügbar

================================================================================
[ANALYZER] Zyklus #1176 - 2025-11-10 07:40:23
================================================================================
[ANALYZER] Keine Detections verfügbar

================================================================================
[ANALYZER] Zyklus #1177 - 2025-11-10 07:40:53
================================================================================
[ANALYZER] Keine Detections verfügbar

================================================================================
[ANALYZER] Zyklus #1178 - 2025-11-10 07:41:23
================================================================================
[ANALYZER] Keine Detections verfügbar

================================================================================
[ANALYZER] Zyklus #1179 - 2025-11-10 07:41:53
================================================================================
[ANALYZER] Keine Detections verfügbar

================================================================================
[ANALYZER] Zyklus #1180 - 2025-11-10 07:42:23
================================================================================
[ANALYZER] Keine Detections verfügbar

================================================================================
[ANALYZER] Zyklus #1181 - 2025-11-10 07:42:53
================================================================================
[ANALYZER] Keine Detections verfügbar

================================================================================
[ANALYZER] Zyklus #1182 - 2025-11-10 07:43:23
================================================================================
[ANALYZER] Keine Detections verfügbar

================================================================================
[ANALYZER] Zyklus #1183 - 2025-11-10 07:43:53
================================================================================
[ANALYZER] Keine Detections verfügbar

================================================================================
[ANALYZER] Zyklus #1184 - 2025-11-10 07:44:23
================================================================================
[ANALYZER] Keine Detections verfügbar

================================================================================
[ANALYZER] Zyklus #1185 - 2025-11-10 07:44:53
================================================================================
[ANALYZER] Keine Detections verfügbar

================================================================================
[ANALYZER] Zyklus #1186 - 2025-11-10 07:45:23
================================================================================
[ANALYZER] Keine Detections verfügbar

================================================================================
[ANALYZER] Zyklus #1187 - 2025-11-10 07:45:53
================================================================================
[ANALYZER] Keine Detections verfügbar

================================================================================
[ANALYZER] Zyklus #1188 - 2025-11-10 07:46:23
================================================================================
[ANALYZER] Keine Detections verfügbar

================================================================================
[ANALYZER] Zyklus #1189 - 2025-11-10 07:46:53
================================================================================
[ANALYZER] Keine Detections verfügbar

================================================================================
[ANALYZER] Zyklus #1190 - 2025-11-10 07:47:23
================================================================================
[ANALYZER] Keine Detections verfügbar

================================================================================
[ANALYZER] Zyklus #1191 - 2025-11-10 07:47:53
================================================================================
[ANALYZER] Keine Detections verfügbar

================================================================================
[ANALYZER] Zyklus #1192 - 2025-11-10 07:48:23
================================================================================
[ANALYZER] Keine Detections verfügbar

================================================================================
[ANALYZER] Zyklus #1193 - 2025-11-10 07:48:53
================================================================================
[ANALYZER] Keine Detections verfügbar

================================================================================
[ANALYZER] Zyklus #1194 - 2025-11-10 07:49:23
================================================================================
[ANALYZER] Keine Detections verfügbar

================================================================================
[ANALYZER] Zyklus #1195 - 2025-11-10 07:49:53
================================================================================
[ANALYZER] Keine Detections verfügbar

================================================================================
[ANALYZER] Zyklus #1196 - 2025-11-10 07:50:23
================================================================================
[ANALYZER] Keine Detections verfügbar

================================================================================
[ANALYZER] Zyklus #1197 - 2025-11-10 07:50:53
================================================================================
[ANALYZER] Keine Detections verfügbar

================================================================================
[ANALYZER] Zyklus #1198 - 2025-11-10 07:51:23
================================================================================
[ANALYZER] Keine Detections verfügbar

================================================================================
[ANALYZER] Zyklus #1199 - 2025-11-10 07:51:53
================================================================================
[ANALYZER] Keine Detections verfügbar

================================================================================
[ANALYZER] Zyklus #1200 - 2025-11-10 07:52:23
================================================================================
[ANALYZER] Keine Detections verfügbar

================================================================================
[ANALYZER] Zyklus #1201 - 2025-11-10 07:52:53
================================================================================
[ANALYZER] Keine Detections verfügbar

================================================================================
[ANALYZER] Zyklus #1202 - 2025-11-10 07:53:23
================================================================================
[ANALYZER] Keine Detections verfügbar

================================================================================
[ANALYZER] Zyklus #1203 - 2025-11-10 07:53:53
================================================================================
[ANALYZER] Keine Detections verfügbar

================================================================================
[ANALYZER] Zyklus #1204 - 2025-11-10 07:54:23
================================================================================
[ANALYZER] Keine Detections verfügbar

================================================================================
[ANALYZER] Zyklus #1205 - 2025-11-10 07:54:53
================================================================================
[ANALYZER] Keine Detections verfügbar

================================================================================
[ANALYZER] Zyklus #1206 - 2025-11-10 07:55:23
================================================================================
[ANALYZER] Keine Detections verfügbar

================================================================================
[ANALYZER] Zyklus #1207 - 2025-11-10 07:55:53
================================================================================
[ANALYZER] Keine Detections verfügbar

================================================================================
[ANALYZER] Zyklus #1208 - 2025-11-10 07:56:23
================================================================================
[ANALYZER] Keine Detections verfügbar

================================================================================
[ANALYZER] Zyklus #1209 - 2025-11-10 07:56:53
================================================================================
[ANALYZER] Keine Detections verfügbar

================================================================================
[ANALYZER] Zyklus #1210 - 2025-11-10 07:57:23
================================================================================
[ANALYZER] Keine Detections verfügbar

================================================================================
[ANALYZER] Zyklus #1211 - 2025-11-10 07:57:53
================================================================================
[ANALYZER] Keine Detections verfügbar

================================================================================
[ANALYZER] Zyklus #1212 - 2025-11-10 07:58:23
================================================================================
[ANALYZER] Keine Detections verfügbar

================================================================================
[ANALYZER] Zyklus #1213 - 2025-11-10 07:58:53
================================================================================
[ANALYZER] Keine Detections verfügbar

================================================================================
[ANALYZER] Zyklus #1214 - 2025-11-10 07:59:23
================================================================================
[ANALYZER] Keine Detections verfügbar

================================================================================
[ANALYZER] Zyklus #1215 - 2025-11-10 07:59:53
================================================================================
[ANALYZER] Keine Detections verfügbar

================================================================================
[ANALYZER] Zyklus #1216 - 2025-11-10 08:00:23
================================================================================
[ANALYZER] Keine Detections verfügbar

================================================================================
[ANALYZER] Zyklus #1217 - 2025-11-10 08:00:53
================================================================================
[ANALYZER] Keine Detections verfügbar

================================================================================
[ANALYZER] Zyklus #1218 - 2025-11-10 08:01:23
================================================================================
[ANALYZER] Keine Detections verfügbar

================================================================================
[ANALYZER] Zyklus #1219 - 2025-11-10 08:01:53
================================================================================
[ANALYZER] Keine Detections verfügbar

================================================================================
[ANALYZER] Zyklus #1220 - 2025-11-10 08:02:23
================================================================================
[ANALYZER] Keine Detections verfügbar

================================================================================
[ANALYZER] Zyklus #1221 - 2025-11-10 08:02:53
================================================================================
[ANALYZER] Keine Detections verfügbar

================================================================================
[ANALYZER] Zyklus #1222 - 2025-11-10 08:03:23
================================================================================
[ANALYZER] Keine Detections verfügbar

================================================================================
[ANALYZER] Zyklus #1223 - 2025-11-10 08:03:53
================================================================================
[ANALYZER] Keine Detections verfügbar

================================================================================
[ANALYZER] Zyklus #1224 - 2025-11-10 08:04:23
================================================================================
[ANALYZER] Keine Detections verfügbar

================================================================================
[ANALYZER] Zyklus #1225 - 2025-11-10 08:04:53
================================================================================
[ANALYZER] Keine Detections verfügbar

================================================================================
[ANALYZER] Zyklus #1226 - 2025-11-10 08:05:23
================================================================================
[ANALYZER] Keine Detections verfügbar

================================================================================
[ANALYZER] Zyklus #1227 - 2025-11-10 08:05:53
================================================================================
[ANALYZER] Keine Detections verfügbar

================================================================================
[ANALYZER] Zyklus #1228 - 2025-11-10 08:06:23
================================================================================
[ANALYZER] Keine Detections verfügbar

================================================================================
[ANALYZER] Zyklus #1229 - 2025-11-10 08:06:53
================================================================================
[ANALYZER] Keine Detections verfügbar

================================================================================
[ANALYZER] Zyklus #1230 - 2025-11-10 08:07:23
================================================================================
[ANALYZER] Keine Detections verfügbar

================================================================================
[ANALYZER] Zyklus #1231 - 2025-11-10 08:07:53
================================================================================
[ANALYZER] Keine Detections verfügbar

================================================================================
[ANALYZER] Zyklus #1232 - 2025-11-10 08:08:23
================================================================================
[ANALYZER] Keine Detections verfügbar

================================================================================
[ANALYZER] Zyklus #1233 - 2025-11-10 08:08:53
================================================================================
[ANALYZER] Keine Detections verfügbar

================================================================================
[ANALYZER] Zyklus #1234 - 2025-11-10 08:09:23
================================================================================
[ANALYZER] Keine Detections verfügbar

================================================================================
[ANALYZER] Zyklus #1235 - 2025-11-10 08:09:53
================================================================================
[ANALYZER] Keine Detections verfügbar

================================================================================
[ANALYZER] Zyklus #1236 - 2025-11-10 08:10:23
================================================================================
[ANALYZER] Keine Detections verfügbar

================================================================================
[ANALYZER] Zyklus #1237 - 2025-11-10 08:10:53
================================================================================
[ANALYZER] Keine Detections verfügbar

================================================================================
[ANALYZER] Zyklus #1238 - 2025-11-10 08:11:23
================================================================================
[ANALYZER] Keine Detections verfügbar

================================================================================
[ANALYZER] Zyklus #1239 - 2025-11-10 08:11:53
================================================================================
[ANALYZER] Keine Detections verfügbar

================================================================================
[ANALYZER] Zyklus #1240 - 2025-11-10 08:12:23
================================================================================
[ANALYZER] Keine Detections verfügbar

================================================================================
[ANALYZER] Zyklus #1241 - 2025-11-10 08:12:53
================================================================================
[ANALYZER] Keine Detections verfügbar

================================================================================
[ANALYZER] Zyklus #1242 - 2025-11-10 08:13:23
================================================================================
[ANALYZER] Keine Detections verfügbar

================================================================================
[ANALYZER] Zyklus #1243 - 2025-11-10 08:13:53
================================================================================
[ANALYZER] Keine Detections verfügbar

================================================================================
[ANALYZER] Zyklus #1244 - 2025-11-10 08:14:23
================================================================================
[ANALYZER] Keine Detections verfügbar

================================================================================
[ANALYZER] Zyklus #1245 - 2025-11-10 08:14:53
================================================================================
[ANALYZER] Keine Detections verfügbar

================================================================================
[ANALYZER] Zyklus #1246 - 2025-11-10 08:15:23
================================================================================
[ANALYZER] Keine Detections verfügbar

================================================================================
[ANALYZER] Zyklus #1247 - 2025-11-10 08:15:53
================================================================================
[ANALYZER] Keine Detections verfügbar

================================================================================
[ANALYZER] Zyklus #1248 - 2025-11-10 08:16:23
================================================================================
[ANALYZER] Keine Detections verfügbar

================================================================================
[ANALYZER] Zyklus #1249 - 2025-11-10 08:16:53
================================================================================
[ANALYZER] Keine Detections verfügbar

================================================================================
[ANALYZER] Zyklus #1250 - 2025-11-10 08:17:23
================================================================================
[ANALYZER] Keine Detections verfügbar

================================================================================
[ANALYZER] Zyklus #1251 - 2025-11-10 08:17:53
================================================================================
[ANALYZER] Keine Detections verfügbar

================================================================================
[ANALYZER] Zyklus #1252 - 2025-11-10 08:18:23
================================================================================
[ANALYZER] Keine Detections verfügbar

================================================================================
[ANALYZER] Zyklus #1253 - 2025-11-10 08:18:53
================================================================================
[ANALYZER] Keine Detections verfügbar

================================================================================
[ANALYZER] Zyklus #1254 - 2025-11-10 08:19:23
================================================================================
[ANALYZER] Keine Detections verfügbar

================================================================================
[ANALYZER] Zyklus #1255 - 2025-11-10 08:19:53
================================================================================
[ANALYZER] Keine Detections verfügbar

================================================================================
[ANALYZER] Zyklus #1256 - 2025-11-10 08:20:23
================================================================================
[ANALYZER] Keine Detections verfügbar

================================================================================
[ANALYZER] Zyklus #1257 - 2025-11-10 08:20:53
================================================================================
[ANALYZER] Keine Detections verfügbar

================================================================================
[ANALYZER] Zyklus #1258 - 2025-11-10 08:21:23
================================================================================
[ANALYZER] Keine Detections verfügbar

================================================================================
[ANALYZER] Zyklus #1259 - 2025-11-10 08:21:53
================================================================================
[ANALYZER] Keine Detections verfügbar

================================================================================
[ANALYZER] Zyklus #1260 - 2025-11-10 08:22:23
================================================================================
[ANALYZER] Keine Detections verfügbar

================================================================================
[ANALYZER] Zyklus #1261 - 2025-11-10 08:22:53
================================================================================
[ANALYZER] Keine Detections verfügbar

================================================================================
[ANALYZER] Zyklus #1262 - 2025-11-10 08:23:23
================================================================================
[ANALYZER] Keine Detections verfügbar

================================================================================
[ANALYZER] Zyklus #1263 - 2025-11-10 08:23:53
================================================================================
[ANALYZER] Keine Detections verfügbar

================================================================================
[ANALYZER] Zyklus #1264 - 2025-11-10 08:24:23
================================================================================
[ANALYZER] Keine Detections verfügbar

================================================================================
[ANALYZER] Zyklus #1265 - 2025-11-10 08:24:53
================================================================================
[ANALYZER] Keine Detections verfügbar

================================================================================
[ANALYZER] Zyklus #1266 - 2025-11-10 08:25:23
================================================================================
[ANALYZER] Keine Detections verfügbar

================================================================================
[ANALYZER] Zyklus #1267 - 2025-11-10 08:25:53
================================================================================
[ANALYZER] Keine Detections verfügbar

================================================================================
[ANALYZER] Zyklus #1268 - 2025-11-10 08:26:23
================================================================================
[ANALYZER] Keine Detections verfügbar

================================================================================
[ANALYZER] Zyklus #1269 - 2025-11-10 08:26:53
================================================================================
[ANALYZER] Keine Detections verfügbar

================================================================================
[ANALYZER] Zyklus #1270 - 2025-11-10 08:27:23
================================================================================
[ANALYZER] Keine Detections verfügbar

================================================================================
[ANALYZER] Zyklus #1271 - 2025-11-10 08:27:53
================================================================================
[ANALYZER] Keine Detections verfügbar

================================================================================
[ANALYZER] Zyklus #1272 - 2025-11-10 08:28:23
================================================================================
[ANALYZER] Keine Detections verfügbar

================================================================================
[ANALYZER] Zyklus #1273 - 2025-11-10 08:28:53
================================================================================
[ANALYZER] Keine Detections verfügbar

================================================================================
[ANALYZER] Zyklus #1274 - 2025-11-10 08:29:23
================================================================================
[ANALYZER] Keine Detections verfügbar

================================================================================
[ANALYZER] Zyklus #1275 - 2025-11-10 08:29:53
================================================================================
[ANALYZER] Keine Detections verfügbar

================================================================================
[ANALYZER] Zyklus #1276 - 2025-11-10 08:30:23
================================================================================
[ANALYZER] Keine Detections verfügbar

================================================================================
[ANALYZER] Zyklus #1277 - 2025-11-10 08:30:53
================================================================================
[ANALYZER] Keine Detections verfügbar

================================================================================
[ANALYZER] Zyklus #1278 - 2025-11-10 08:31:23
================================================================================
[ANALYZER] Keine Detections verfügbar

================================================================================
[ANALYZER] Zyklus #1279 - 2025-11-10 08:31:53
================================================================================
[ANALYZER] Keine Detections verfügbar

================================================================================
[ANALYZER] Zyklus #1280 - 2025-11-10 08:32:23
================================================================================
[ANALYZER] Keine Detections verfügbar

================================================================================
[ANALYZER] Zyklus #1281 - 2025-11-10 08:32:53
================================================================================
[ANALYZER] Keine Detections verfügbar

================================================================================
[ANALYZER] Zyklus #1282 - 2025-11-10 08:33:23
================================================================================
[ANALYZER] Keine Detections verfügbar

================================================================================
[ANALYZER] Zyklus #1283 - 2025-11-10 08:33:53
================================================================================
[ANALYZER] Keine Detections verfügbar

================================================================================
[ANALYZER] Zyklus #1284 - 2025-11-10 08:34:23
================================================================================
[ANALYZER] Keine Detections verfügbar

================================================================================
[ANALYZER] Zyklus #1285 - 2025-11-10 08:34:53
================================================================================
[ANALYZER] Keine Detections verfügbar

================================================================================
[ANALYZER] Zyklus #1286 - 2025-11-10 08:35:23
================================================================================
[ANALYZER] Keine Detections verfügbar

================================================================================
[ANALYZER] Zyklus #1287 - 2025-11-10 08:35:53
================================================================================
[ANALYZER] Keine Detections verfügbar

================================================================================
[ANALYZER] Zyklus #1288 - 2025-11-10 08:36:23
================================================================================
[ANALYZER] Keine Detections verfügbar

================================================================================
[ANALYZER] Zyklus #1289 - 2025-11-10 08:36:53
================================================================================
[ANALYZER] Keine Detections verfügbar

================================================================================
[ANALYZER] Zyklus #1290 - 2025-11-10 08:37:23
================================================================================
[ANALYZER] Keine Detections verfügbar

================================================================================
[ANALYZER] Zyklus #1291 - 2025-11-10 08:37:53
================================================================================
[ANALYZER] Keine Detections verfügbar

================================================================================
[ANALYZER] Zyklus #1292 - 2025-11-10 08:38:23
================================================================================
[ANALYZER] Keine Detections verfügbar

================================================================================
[ANALYZER] Zyklus #1293 - 2025-11-10 08:38:53
================================================================================
[ANALYZER] Keine Detections verfügbar

================================================================================
[ANALYZER] Zyklus #1294 - 2025-11-10 08:39:23
================================================================================
[ANALYZER] Keine Detections verfügbar

================================================================================
[ANALYZER] Zyklus #1295 - 2025-11-10 08:39:53
================================================================================
[ANALYZER] Keine Detections verfügbar

================================================================================
[ANALYZER] Zyklus #1296 - 2025-11-10 08:40:23
================================================================================
[ANALYZER] Keine Detections verfügbar

================================================================================
[ANALYZER] Zyklus #1297 - 2025-11-10 08:40:53
================================================================================
[ANALYZER] Keine Detections verfügbar

================================================================================
[ANALYZER] Zyklus #1298 - 2025-11-10 08:41:23
================================================================================
[ANALYZER] Keine Detections verfügbar

================================================================================
[ANALYZER] Zyklus #1299 - 2025-11-10 08:41:53
================================================================================
[ANALYZER] Keine Detections verfügbar

================================================================================
[ANALYZER] Zyklus #1300 - 2025-11-10 08:42:23
================================================================================
[ANALYZER] Keine Detections verfügbar

================================================================================
[ANALYZER] Zyklus #1301 - 2025-11-10 08:42:53
================================================================================
[ANALYZER] Keine Detections verfügbar

================================================================================
[ANALYZER] Zyklus #1302 - 2025-11-10 08:43:23
================================================================================
[ANALYZER] Keine Detections verfügbar

================================================================================
[ANALYZER] Zyklus #1303 - 2025-11-10 08:43:53
================================================================================
[ANALYZER] Keine Detections verfügbar

================================================================================
[ANALYZER] Zyklus #1304 - 2025-11-10 08:44:24
================================================================================
[ANALYZER] Keine Detections verfügbar

================================================================================
[ANALYZER] Zyklus #1305 - 2025-11-10 08:44:54
================================================================================
[ANALYZER] Keine Detections verfügbar

================================================================================
[ANALYZER] Zyklus #1306 - 2025-11-10 08:45:24
================================================================================
[ANALYZER] Keine Detections verfügbar

================================================================================
[ANALYZER] Zyklus #1307 - 2025-11-10 08:45:54
================================================================================
[ANALYZER] Keine Detections verfügbar

================================================================================
[ANALYZER] Zyklus #1308 - 2025-11-10 08:46:24
================================================================================
[ANALYZER] Keine Detections verfügbar

================================================================================
[ANALYZER] Zyklus #1309 - 2025-11-10 08:46:54
================================================================================
[ANALYZER] Keine Detections verfügbar

================================================================================
[ANALYZER] Zyklus #1310 - 2025-11-10 08:47:24
================================================================================
[ANALYZER] Keine Detections verfügbar

================================================================================
[ANALYZER] Zyklus #1311 - 2025-11-10 08:47:54
================================================================================
[ANALYZER] Keine Detections verfügbar

================================================================================
[ANALYZER] Zyklus #1312 - 2025-11-10 08:48:24
================================================================================
[ANALYZER] Keine Detections verfügbar

================================================================================
[ANALYZER] Zyklus #1313 - 2025-11-10 08:48:54
================================================================================
[ANALYZER] Keine Detections verfügbar

================================================================================
[ANALYZER] Zyklus #1314 - 2025-11-10 08:49:24
================================================================================
[ANALYZER] Keine Detections verfügbar

================================================================================
[ANALYZER] Zyklus #1315 - 2025-11-10 08:49:54
================================================================================
[ANALYZER] Keine Detections verfügbar

================================================================================
[ANALYZER] Zyklus #1316 - 2025-11-10 08:50:24
================================================================================
[ANALYZER] Keine Detections verfügbar

================================================================================
[ANALYZER] Zyklus #1317 - 2025-11-10 08:50:54
================================================================================
[ANALYZER] Keine Detections verfügbar

================================================================================
[ANALYZER] Zyklus #1318 - 2025-11-10 08:51:24
================================================================================
[ANALYZER] Keine Detections verfügbar

================================================================================
[ANALYZER] Zyklus #1319 - 2025-11-10 08:51:54
================================================================================
[ANALYZER] Keine Detections verfügbar

================================================================================
[ANALYZER] Zyklus #1320 - 2025-11-10 08:52:24
================================================================================
[ANALYZER] Keine Detections verfügbar

================================================================================
[ANALYZER] Zyklus #1321 - 2025-11-10 08:52:54
================================================================================
[ANALYZER] Keine Detections verfügbar

================================================================================
[ANALYZER] Zyklus #1322 - 2025-11-10 08:53:24
================================================================================
[ANALYZER] Keine Detections verfügbar

================================================================================
[ANALYZER] Zyklus #1323 - 2025-11-10 08:53:54
================================================================================
[ANALYZER] Keine Detections verfügbar

================================================================================
[ANALYZER] Zyklus #1324 - 2025-11-10 08:54:24
================================================================================
[ANALYZER] Detections: 30 total
[ANALYZER]   Neu: 30
[ANALYZER]   Lookback (wiederverwendbar): 0
[ANALYZER]   Bereits in Muster: 0
[ANALYZER] Input X: 15 | Input Y: 15

[ANALYZER] Detections-Übersicht (erste 5):
  ID=13267 | 08:54:00 | input_x    |  0 Pers | Det-Conf=  N/A | NEW | FREE
  ID=13268 | 08:54:01 | input_x    |  0 Pers | Det-Conf=  N/A | NEW | FREE
  ID=13269 | 08:54:02 | input_x    |  0 Pers | Det-Conf=  N/A | NEW | FREE
  ID=13270 | 08:54:02 | input_x    |  0 Pers | Det-Conf=  N/A | NEW | FREE
  ID=13271 | 08:54:03 | input_x    |  2 Pers | Det-Conf=0.535 | NEW | FREE
  ... und 25 weitere

[ANALYZER] Starte Bewegungsanalyse...

[MOVEMENT] detect_movements() mit 30 Detections
[MOVEMENT] Verfügbare Detections: 30/30
[MOVEMENT] Zeitspanne: 2025-11-10 08:54:00.811403 bis 2025-11-10 08:54:23.159652
[MOVEMENT] Input X: 15 Detections
[MOVEMENT] Input Y: 15 Detections

[MOVEMENT]   === Input X Detections (letzte 5) ===
[MOVEMENT]     ID=13287 | 08:54:17 |  2 Pers | Conf=0.542 | FREE
[MOVEMENT]     ID=13288 | 08:54:18 |  1 Pers | Conf=0.728 | FREE
[MOVEMENT]     ID=13289 | 08:54:18 |  1 Pers | Conf=0.713 | FREE
[MOVEMENT]     ID=13290 | 08:54:19 |  1 Pers | Conf=0.696 | FREE
[MOVEMENT]     ID=13291 | 08:54:19 |  2 Pers | Conf=0.612 | FREE

[MOVEMENT]   === Input Y Detections (letzte 5) ===
[MOVEMENT]     ID=13292 | 08:54:20 |  0 Pers | Conf=  N/A | FREE
[MOVEMENT]     ID=13293 | 08:54:21 |  0 Pers | Conf=  N/A | FREE
[MOVEMENT]     ID=13294 | 08:54:22 |  0 Pers | Conf=  N/A | FREE
[MOVEMENT]     ID=13295 | 08:54:22 |  0 Pers | Conf=  N/A | FREE
[MOVEMENT]     ID=13296 | 08:54:23 |  0 Pers | Conf=  N/A | FREE

[MOVEMENT] === SUCHE ENTRY-MUSTER (Y→X Sequenz) ===
[MOVEMENT]   Entry-Versuch 1: X=15, Y=15 verfügbar
[MOVEMENT]     Analysiere Y→X Sequenzen für Entry...
[MOVEMENT]     Keine Y-Anstiege gefunden
[MOVEMENT] Entry-Muster gefunden: 0

[MOVEMENT] === SUCHE EXIT-MUSTER (X→Y Sequenz) ===
[MOVEMENT]   Exit-Versuch 1: X=15, Y=15 verfügbar
[MOVEMENT]     Analysiere X→Y Sequenzen für Exit...
[MOVEMENT]     3 X-Anstiege gefunden
[MOVEMENT]     Prüfe X-Anstieg: +2 um 08:54:03
[MOVEMENT]     Keine Personen in Y NACH X-Anstieg
[MOVEMENT]     Prüfe X-Anstieg: +2 um 08:54:17
[MOVEMENT]     Keine Personen in Y NACH X-Anstieg
[MOVEMENT]     Prüfe X-Anstieg: +1 um 08:54:19
[MOVEMENT]     Keine Personen in Y NACH X-Anstieg
[MOVEMENT]     Kein gültiges Exit-Muster gefunden
[MOVEMENT] Exit-Muster gefunden: 0

[MOVEMENT] Gesamt gefunden: 0 Bewegung(en)
[ANALYZER] Keine Bewegungen erkannt

================================================================================
[ANALYZER] Zyklus #1325 - 2025-11-10 08:54:54
================================================================================
[ANALYZER] Detections: 64 total